{"payload":{"installed_packages":["appnope==0.1.4","asttokens==2.4.1","attrs==23.2.0","certifi==2024.2.2","cffi==1.16.0","charset-normalizer==3.3.2","comet-ml==3.41.0","comm==0.2.2","configobj==5.0.8","contourpy==1.2.1","cycler==0.12.1","debugpy==1.6.7","decorator==5.1.1","dulwich==0.22.1","everett==3.1.0","exceptiongroup==1.2.0","executing==2.0.1","filelock==3.13.1","fonttools==4.51.0","fsspec==2024.3.1","gitdb==4.0.11","gitpython==3.1.43","gmpy2==2.1.2","idna==3.7","importlib_metadata==7.1.0","ipykernel==6.29.3","ipython==8.22.2","jedi==0.19.1","jinja2==3.1.3","jsonschema==4.22.0","jsonschema-specifications==2023.12.1","jupyter_client==8.6.1","jupyter_core==5.5.0","kiwisolver==1.4.5","lxml==5.2.1","markdown-it-py==3.0.0","markupsafe==2.1.3","matplotlib==3.8.4","matplotlib-inline==0.1.7","mdurl==0.1.2","mpmath==1.3.0","nest_asyncio==1.6.0","networkx==3.1","numpy==1.26.4","opencv-python==4.9.0.80","packaging==24.0","pandas==2.2.2","parso==0.8.4","pexpect==4.9.0","pickleshare==0.7.5","pillow==10.3.0","pip==23.3.1","pip==24.0","platformdirs==4.2.1","prompt-toolkit==3.0.42","psutil==5.9.0","ptyprocess==0.7.0","pure-eval==0.2.2","py-cpuinfo==9.0.0","pycparser==2.21","pygments==2.18.0","pyparsing==3.1.2","pyqt5==5.15.10","pyqt5-qt5==5.15.13","pyqt5-sip==12.13.0","python-box==6.1.0","python-dateutil==2.9.0","pytz==2024.1","pyyaml==6.0.1","pyzmq==25.1.2","referencing==0.35.1","requests==2.31.0","requests-toolbelt==1.0.0","rich==13.7.1","rpds-py==0.18.1","scipy==1.13.0","seaborn==0.13.2","semantic-version==2.10.0","sentry-sdk==2.1.1","setuptools==68.2.2","setuptools==69.5.1","simplejson==3.19.2","six==1.16.0","smmap==5.0.1","stack-data==0.6.2","sympy==1.12","thop==0.1.1-2209072238","torch==2.3.0","torchvision==0.18.0","tornado==6.3.3","tqdm==4.66.4","traitlets==5.14.3","typing_extensions==4.9.0","tzdata==2024.1","ultralytics==8.2.9","urllib3==2.2.1","wcwidth==0.2.13","websocket-client==1.3.3","wheel==0.43.0","wrapt==1.16.0","wurlitzer==3.1.0","zipp==3.17.0"],"local_timestamp":1715229931834,"message_id":1},"type":"ws_msg"}
{"payload":{"env_details":{"command":["train.py","--img","320","--batch","16","--epochs","500","--data","dataset.yml","--weights","yolov5s.pt","--workers","2"],"env":null,"hostname":"CHRONOS.local","ip":"192.168.1.12","machine":"arm64","os":"macOS-14.4.1-arm64-arm-64bit","os_release":"23.4.0","os_type":"Darwin","pid":13722,"processor":"arm","python_exe":"/opt/anaconda3/envs/YOLOv5/bin/python","python_version":"3.11.9","python_version_verbose":"3.11.9 (main, Apr 19 2024, 11:43:47) [Clang 14.0.6 ]","user":"ariebrainware"},"local_timestamp":1715229931836,"message_id":2},"type":"ws_msg"}
{"payload":{"local_timestamp":1715229931837,"message_id":3,"metric":{"epoch":null,"metricName":"sys.cpu.percent.avg","metricValue":26.3,"step":null}},"type":"metric_msg"}
{"payload":{"local_timestamp":1715229931837,"message_id":4,"metric":{"epoch":null,"metricName":"sys.ram.total","metricValue":17179869184,"step":null}},"type":"metric_msg"}
{"payload":{"local_timestamp":1715229931837,"message_id":5,"metric":{"epoch":null,"metricName":"sys.ram.used","metricValue":12640206848,"step":null}},"type":"metric_msg"}
{"payload":{"local_timestamp":1715229931837,"message_id":6,"metric":{"epoch":null,"metricName":"sys.ram.available","metricValue":4539662336,"step":null}},"type":"metric_msg"}
{"payload":{"local_timestamp":1715229931837,"message_id":7,"metric":{"epoch":null,"metricName":"sys.ram.percent.used","metricValue":73.6,"step":null}},"type":"metric_msg"}
{"payload":{"local_timestamp":1715229931837,"message_id":8,"metric":{"epoch":null,"metricName":"sys.load.avg","metricValue":2.9462890625,"step":null}},"type":"metric_msg"}
{"payload":{"local_timestamp":1715229931838,"message_id":9,"param":{"paramName":"img","paramValue":320,"source":"cli","step":null}},"type":"parameter_msg"}
{"payload":{"local_timestamp":1715229931838,"message_id":10,"param":{"paramName":"batch","paramValue":16,"source":"cli","step":null}},"type":"parameter_msg"}
{"payload":{"local_timestamp":1715229931838,"message_id":11,"param":{"paramName":"epochs","paramValue":500,"source":"cli","step":null}},"type":"parameter_msg"}
{"payload":{"local_timestamp":1715229931838,"message_id":12,"param":{"paramName":"data","paramValue":"dataset.yml","source":"cli","step":null}},"type":"parameter_msg"}
{"payload":{"local_timestamp":1715229931838,"message_id":13,"param":{"paramName":"weights","paramValue":"yolov5s.pt","source":"cli","step":null}},"type":"parameter_msg"}
{"payload":{"local_timestamp":1715229931838,"message_id":14,"param":{"paramName":"workers","paramValue":2,"source":"cli","step":null}},"type":"parameter_msg"}
{"payload":{"local_timestamp":1715229931838,"log_other":{"key":"offline_experiment","val":true},"message_id":15},"type":"ws_msg"}
{"payload":{"local_timestamp":1715229931838,"log_other":{"key":"Name","val":"exp"},"message_id":16},"type":"ws_msg"}
{"payload":{"additional_params":{"assetId":"e10424dab056414dade481c8318341c5","context":null,"extension":"yml","fileName":"dataset.yml","overwrite":false,"runId":null,"step":null},"clean":true,"file_path":"tmpz_93622p","local_timestamp":1715229931840,"message_id":17,"metadata":{"type":"data-config-file"},"upload_type":"asset"},"type":"file_upload"}
{"payload":{"local_timestamp":1715229931844,"log_other":{"key":"Created from","val":"YOLOv5"},"message_id":18},"type":"ws_msg"}
{"payload":{"local_timestamp":1715229931845,"log_other":{"key":"hasNestedParams","val":true},"message_id":19},"type":"ws_msg"}
{"payload":{"local_timestamp":1715229931845,"message_id":20,"param":{"paramName":"artifact_alias","paramValue":"latest","source":"manual","step":null}},"type":"parameter_msg"}
{"payload":{"local_timestamp":1715229931845,"message_id":21,"param":{"paramName":"batch_size","paramValue":16,"source":"manual","step":null}},"type":"parameter_msg"}
{"payload":{"local_timestamp":1715229931845,"message_id":22,"param":{"paramName":"bbox_interval","paramValue":-1,"source":"manual","step":null}},"type":"parameter_msg"}
{"payload":{"local_timestamp":1715229931845,"message_id":23,"param":{"paramName":"bucket","paramValue":"","source":"manual","step":null}},"type":"parameter_msg"}
{"payload":{"local_timestamp":1715229931845,"message_id":24,"param":{"paramName":"cache","paramValue":null,"source":"manual","step":null}},"type":"parameter_msg"}
{"payload":{"local_timestamp":1715229931845,"message_id":25,"param":{"paramName":"cfg","paramValue":"","source":"manual","step":null}},"type":"parameter_msg"}
{"payload":{"local_timestamp":1715229931845,"message_id":26,"param":{"paramName":"cos_lr","paramValue":false,"source":"manual","step":null}},"type":"parameter_msg"}
{"payload":{"local_timestamp":1715229931846,"message_id":27,"param":{"paramName":"device","paramValue":"","source":"manual","step":null}},"type":"parameter_msg"}
{"payload":{"local_timestamp":1715229931846,"message_id":28,"param":{"paramName":"entity","paramValue":null,"source":"manual","step":null}},"type":"parameter_msg"}
{"payload":{"local_timestamp":1715229931846,"message_id":29,"param":{"paramName":"evolve","paramValue":null,"source":"manual","step":null}},"type":"parameter_msg"}
{"payload":{"local_timestamp":1715229931846,"message_id":30,"param":{"paramName":"evolve_population","paramValue":"data/hyps","source":"manual","step":null}},"type":"parameter_msg"}
{"payload":{"local_timestamp":1715229931846,"message_id":31,"param":{"paramName":"exist_ok","paramValue":false,"source":"manual","step":null}},"type":"parameter_msg"}
{"payload":{"local_timestamp":1715229931846,"message_id":32,"params":{"paramName":"freeze","paramValue":[0],"source":"manual","step":null}},"type":"parameter_msg"}
{"payload":{"local_timestamp":1715229931846,"message_id":33,"param":{"paramName":"hyp|anchor_t","paramValue":4.0,"source":"manual","step":null}},"type":"parameter_msg"}
{"payload":{"local_timestamp":1715229931846,"message_id":34,"param":{"paramName":"hyp|box","paramValue":0.05,"source":"manual","step":null}},"type":"parameter_msg"}
{"payload":{"local_timestamp":1715229931846,"message_id":35,"param":{"paramName":"hyp|cls","paramValue":0.5,"source":"manual","step":null}},"type":"parameter_msg"}
{"payload":{"local_timestamp":1715229931846,"message_id":36,"param":{"paramName":"hyp|cls_pw","paramValue":1.0,"source":"manual","step":null}},"type":"parameter_msg"}
{"payload":{"local_timestamp":1715229931846,"message_id":37,"param":{"paramName":"hyp|copy_paste","paramValue":0.0,"source":"manual","step":null}},"type":"parameter_msg"}
{"payload":{"local_timestamp":1715229931846,"message_id":38,"param":{"paramName":"hyp|degrees","paramValue":0.0,"source":"manual","step":null}},"type":"parameter_msg"}
{"payload":{"local_timestamp":1715229931846,"message_id":39,"param":{"paramName":"hyp|fl_gamma","paramValue":0.0,"source":"manual","step":null}},"type":"parameter_msg"}
{"payload":{"local_timestamp":1715229931846,"message_id":40,"param":{"paramName":"hyp|fliplr","paramValue":0.5,"source":"manual","step":null}},"type":"parameter_msg"}
{"payload":{"local_timestamp":1715229931846,"message_id":41,"param":{"paramName":"hyp|flipud","paramValue":0.0,"source":"manual","step":null}},"type":"parameter_msg"}
{"payload":{"local_timestamp":1715229931846,"message_id":42,"param":{"paramName":"hyp|hsv_h","paramValue":0.015,"source":"manual","step":null}},"type":"parameter_msg"}
{"payload":{"local_timestamp":1715229931846,"message_id":43,"param":{"paramName":"hyp|hsv_s","paramValue":0.7,"source":"manual","step":null}},"type":"parameter_msg"}
{"payload":{"local_timestamp":1715229931846,"message_id":44,"param":{"paramName":"hyp|hsv_v","paramValue":0.4,"source":"manual","step":null}},"type":"parameter_msg"}
{"payload":{"local_timestamp":1715229931846,"message_id":45,"param":{"paramName":"hyp|iou_t","paramValue":0.2,"source":"manual","step":null}},"type":"parameter_msg"}
{"payload":{"local_timestamp":1715229931846,"message_id":46,"param":{"paramName":"hyp|lr0","paramValue":0.01,"source":"manual","step":null}},"type":"parameter_msg"}
{"payload":{"local_timestamp":1715229931846,"message_id":47,"param":{"paramName":"hyp|lrf","paramValue":0.01,"source":"manual","step":null}},"type":"parameter_msg"}
{"payload":{"local_timestamp":1715229931846,"message_id":48,"param":{"paramName":"hyp|mixup","paramValue":0.0,"source":"manual","step":null}},"type":"parameter_msg"}
{"payload":{"local_timestamp":1715229931846,"message_id":49,"param":{"paramName":"hyp|momentum","paramValue":0.937,"source":"manual","step":null}},"type":"parameter_msg"}
{"payload":{"local_timestamp":1715229931846,"message_id":50,"param":{"paramName":"hyp|mosaic","paramValue":1.0,"source":"manual","step":null}},"type":"parameter_msg"}
{"payload":{"local_timestamp":1715229931846,"message_id":51,"param":{"paramName":"hyp|obj","paramValue":1.0,"source":"manual","step":null}},"type":"parameter_msg"}
{"payload":{"local_timestamp":1715229931846,"message_id":52,"param":{"paramName":"hyp|obj_pw","paramValue":1.0,"source":"manual","step":null}},"type":"parameter_msg"}
{"payload":{"local_timestamp":1715229931846,"message_id":53,"param":{"paramName":"hyp|perspective","paramValue":0.0,"source":"manual","step":null}},"type":"parameter_msg"}
{"payload":{"local_timestamp":1715229931846,"message_id":54,"param":{"paramName":"hyp|scale","paramValue":0.5,"source":"manual","step":null}},"type":"parameter_msg"}
{"payload":{"local_timestamp":1715229931846,"message_id":55,"param":{"paramName":"hyp|shear","paramValue":0.0,"source":"manual","step":null}},"type":"parameter_msg"}
{"payload":{"local_timestamp":1715229931846,"message_id":56,"param":{"paramName":"hyp|translate","paramValue":0.1,"source":"manual","step":null}},"type":"parameter_msg"}
{"payload":{"local_timestamp":1715229931846,"message_id":57,"param":{"paramName":"hyp|warmup_bias_lr","paramValue":0.1,"source":"manual","step":null}},"type":"parameter_msg"}
{"payload":{"local_timestamp":1715229931846,"message_id":58,"param":{"paramName":"hyp|warmup_epochs","paramValue":3.0,"source":"manual","step":null}},"type":"parameter_msg"}
{"payload":{"local_timestamp":1715229931846,"message_id":59,"param":{"paramName":"hyp|warmup_momentum","paramValue":0.8,"source":"manual","step":null}},"type":"parameter_msg"}
{"payload":{"local_timestamp":1715229931846,"message_id":60,"param":{"paramName":"hyp|weight_decay","paramValue":0.0005,"source":"manual","step":null}},"type":"parameter_msg"}
{"payload":{"local_timestamp":1715229931846,"message_id":61,"param":{"paramName":"image_weights","paramValue":false,"source":"manual","step":null}},"type":"parameter_msg"}
{"payload":{"local_timestamp":1715229931846,"message_id":62,"param":{"paramName":"imgsz","paramValue":320,"source":"manual","step":null}},"type":"parameter_msg"}
{"payload":{"local_timestamp":1715229931846,"message_id":63,"param":{"paramName":"label_smoothing","paramValue":0.0,"source":"manual","step":null}},"type":"parameter_msg"}
{"payload":{"local_timestamp":1715229931846,"message_id":64,"param":{"paramName":"local_rank","paramValue":-1,"source":"manual","step":null}},"type":"parameter_msg"}
{"payload":{"local_timestamp":1715229931846,"message_id":65,"param":{"paramName":"multi_scale","paramValue":false,"source":"manual","step":null}},"type":"parameter_msg"}
{"payload":{"local_timestamp":1715229931846,"message_id":66,"param":{"paramName":"name","paramValue":"exp","source":"manual","step":null}},"type":"parameter_msg"}
{"payload":{"local_timestamp":1715229931846,"message_id":67,"param":{"paramName":"ndjson_console","paramValue":false,"source":"manual","step":null}},"type":"parameter_msg"}
{"payload":{"local_timestamp":1715229931846,"message_id":68,"param":{"paramName":"ndjson_file","paramValue":false,"source":"manual","step":null}},"type":"parameter_msg"}
{"payload":{"local_timestamp":1715229931846,"message_id":69,"param":{"paramName":"noautoanchor","paramValue":false,"source":"manual","step":null}},"type":"parameter_msg"}
{"payload":{"local_timestamp":1715229931846,"message_id":70,"param":{"paramName":"noplots","paramValue":false,"source":"manual","step":null}},"type":"parameter_msg"}
{"payload":{"local_timestamp":1715229931846,"message_id":71,"param":{"paramName":"nosave","paramValue":false,"source":"manual","step":null}},"type":"parameter_msg"}
{"payload":{"local_timestamp":1715229931846,"message_id":72,"param":{"paramName":"noval","paramValue":false,"source":"manual","step":null}},"type":"parameter_msg"}
{"payload":{"local_timestamp":1715229931846,"message_id":73,"param":{"paramName":"optimizer","paramValue":"SGD","source":"manual","step":null}},"type":"parameter_msg"}
{"payload":{"local_timestamp":1715229931846,"message_id":74,"param":{"paramName":"patience","paramValue":100,"source":"manual","step":null}},"type":"parameter_msg"}
{"payload":{"local_timestamp":1715229931846,"message_id":75,"param":{"paramName":"project","paramValue":"runs/train","source":"manual","step":null}},"type":"parameter_msg"}
{"payload":{"local_timestamp":1715229931846,"message_id":76,"param":{"paramName":"quad","paramValue":false,"source":"manual","step":null}},"type":"parameter_msg"}
{"payload":{"local_timestamp":1715229931846,"message_id":77,"param":{"paramName":"rect","paramValue":false,"source":"manual","step":null}},"type":"parameter_msg"}
{"payload":{"local_timestamp":1715229931846,"message_id":78,"param":{"paramName":"resume","paramValue":false,"source":"manual","step":null}},"type":"parameter_msg"}
{"payload":{"local_timestamp":1715229931846,"message_id":79,"param":{"paramName":"resume_evolve","paramValue":null,"source":"manual","step":null}},"type":"parameter_msg"}
{"payload":{"local_timestamp":1715229931846,"message_id":80,"param":{"paramName":"save_dir","paramValue":"runs/train/exp11","source":"manual","step":null}},"type":"parameter_msg"}
{"payload":{"local_timestamp":1715229931846,"message_id":81,"param":{"paramName":"save_period","paramValue":-1,"source":"manual","step":null}},"type":"parameter_msg"}
{"payload":{"local_timestamp":1715229931846,"message_id":82,"param":{"paramName":"seed","paramValue":0,"source":"manual","step":null}},"type":"parameter_msg"}
{"payload":{"local_timestamp":1715229931846,"message_id":83,"param":{"paramName":"single_cls","paramValue":false,"source":"manual","step":null}},"type":"parameter_msg"}
{"payload":{"local_timestamp":1715229931846,"message_id":84,"param":{"paramName":"sync_bn","paramValue":false,"source":"manual","step":null}},"type":"parameter_msg"}
{"payload":{"local_timestamp":1715229931846,"message_id":85,"param":{"paramName":"upload_dataset","paramValue":false,"source":"manual","step":null}},"type":"parameter_msg"}
{"payload":{"local_timestamp":1715229931846,"message_id":86,"param":{"paramName":"anchor_t","paramValue":4.0,"source":"manual","step":null}},"type":"parameter_msg"}
{"payload":{"local_timestamp":1715229931846,"message_id":87,"param":{"paramName":"box","paramValue":0.05,"source":"manual","step":null}},"type":"parameter_msg"}
{"payload":{"local_timestamp":1715229931846,"message_id":88,"param":{"paramName":"cls","paramValue":0.5,"source":"manual","step":null}},"type":"parameter_msg"}
{"payload":{"local_timestamp":1715229931846,"message_id":89,"param":{"paramName":"cls_pw","paramValue":1.0,"source":"manual","step":null}},"type":"parameter_msg"}
{"payload":{"local_timestamp":1715229931846,"message_id":90,"param":{"paramName":"copy_paste","paramValue":0.0,"source":"manual","step":null}},"type":"parameter_msg"}
{"payload":{"local_timestamp":1715229931846,"message_id":91,"param":{"paramName":"degrees","paramValue":0.0,"source":"manual","step":null}},"type":"parameter_msg"}
{"payload":{"local_timestamp":1715229931846,"message_id":92,"param":{"paramName":"fl_gamma","paramValue":0.0,"source":"manual","step":null}},"type":"parameter_msg"}
{"payload":{"local_timestamp":1715229931846,"message_id":93,"param":{"paramName":"fliplr","paramValue":0.5,"source":"manual","step":null}},"type":"parameter_msg"}
{"payload":{"local_timestamp":1715229931846,"message_id":94,"param":{"paramName":"flipud","paramValue":0.0,"source":"manual","step":null}},"type":"parameter_msg"}
{"payload":{"local_timestamp":1715229931846,"message_id":95,"param":{"paramName":"hsv_h","paramValue":0.015,"source":"manual","step":null}},"type":"parameter_msg"}
{"payload":{"local_timestamp":1715229931846,"message_id":96,"param":{"paramName":"hsv_s","paramValue":0.7,"source":"manual","step":null}},"type":"parameter_msg"}
{"payload":{"local_timestamp":1715229931846,"message_id":97,"param":{"paramName":"hsv_v","paramValue":0.4,"source":"manual","step":null}},"type":"parameter_msg"}
{"payload":{"local_timestamp":1715229931846,"message_id":98,"param":{"paramName":"iou_t","paramValue":0.2,"source":"manual","step":null}},"type":"parameter_msg"}
{"payload":{"local_timestamp":1715229931846,"message_id":99,"param":{"paramName":"lr0","paramValue":0.01,"source":"manual","step":null}},"type":"parameter_msg"}
{"payload":{"local_timestamp":1715229931846,"message_id":100,"param":{"paramName":"lrf","paramValue":0.01,"source":"manual","step":null}},"type":"parameter_msg"}
{"payload":{"local_timestamp":1715229931846,"message_id":101,"param":{"paramName":"mixup","paramValue":0.0,"source":"manual","step":null}},"type":"parameter_msg"}
{"payload":{"local_timestamp":1715229931846,"message_id":102,"param":{"paramName":"momentum","paramValue":0.937,"source":"manual","step":null}},"type":"parameter_msg"}
{"payload":{"local_timestamp":1715229931846,"message_id":103,"param":{"paramName":"mosaic","paramValue":1.0,"source":"manual","step":null}},"type":"parameter_msg"}
{"payload":{"local_timestamp":1715229931846,"message_id":104,"param":{"paramName":"obj","paramValue":1.0,"source":"manual","step":null}},"type":"parameter_msg"}
{"payload":{"local_timestamp":1715229931846,"message_id":105,"param":{"paramName":"obj_pw","paramValue":1.0,"source":"manual","step":null}},"type":"parameter_msg"}
{"payload":{"local_timestamp":1715229931846,"message_id":106,"param":{"paramName":"perspective","paramValue":0.0,"source":"manual","step":null}},"type":"parameter_msg"}
{"payload":{"local_timestamp":1715229931846,"message_id":107,"param":{"paramName":"scale","paramValue":0.5,"source":"manual","step":null}},"type":"parameter_msg"}
{"payload":{"local_timestamp":1715229931846,"message_id":108,"param":{"paramName":"shear","paramValue":0.0,"source":"manual","step":null}},"type":"parameter_msg"}
{"payload":{"local_timestamp":1715229931846,"message_id":109,"param":{"paramName":"translate","paramValue":0.1,"source":"manual","step":null}},"type":"parameter_msg"}
{"payload":{"local_timestamp":1715229931846,"message_id":110,"param":{"paramName":"warmup_bias_lr","paramValue":0.1,"source":"manual","step":null}},"type":"parameter_msg"}
{"payload":{"local_timestamp":1715229931846,"message_id":111,"param":{"paramName":"warmup_epochs","paramValue":3.0,"source":"manual","step":null}},"type":"parameter_msg"}
{"payload":{"local_timestamp":1715229931846,"message_id":112,"param":{"paramName":"warmup_momentum","paramValue":0.8,"source":"manual","step":null}},"type":"parameter_msg"}
{"payload":{"local_timestamp":1715229931846,"message_id":113,"param":{"paramName":"weight_decay","paramValue":0.0005,"source":"manual","step":null}},"type":"parameter_msg"}
{"payload":{"additional_params":{"assetId":"b27aaa2a1e56418fae5441e35d4f1fb3","context":null,"epoch":null,"extension":"json","fileName":"hyperparameters.json","overwrite":false,"runId":null,"step":null},"clean":true,"file_path":"tmp26kl4p7t","local_timestamp":1715229931855,"message_id":114,"metadata":{"type":"hyp-config-file"},"upload_type":"asset"},"type":"file_upload"}
{"payload":{"additional_params":{"assetId":"04066092ba0f4dd8bdb7f0d98453b8e5","context":null,"extension":"yaml","fileName":"opt.yaml","overwrite":false,"runId":null,"step":null},"clean":true,"file_path":"tmp9e7fbw1x","local_timestamp":1715229931848,"message_id":115,"metadata":{"type":"opt-config-file"},"upload_type":"asset"},"type":"file_upload"}
{"payload":{"local_timestamp":1715229931848,"message_id":116,"param":{"paramName":"val_conf_threshold","paramValue":0.001,"source":"manual","step":null}},"type":"parameter_msg"}
{"payload":{"local_timestamp":1715229931848,"message_id":117,"param":{"paramName":"val_iou_threshold","paramValue":0.6,"source":"manual","step":null}},"type":"parameter_msg"}
{"payload":{"local_timestamp":1715229931848,"log_other":{"key":"comet_mode","val":"online"},"message_id":118},"type":"ws_msg"}
{"payload":{"local_timestamp":1715229931848,"log_other":{"key":"comet_max_image_uploads","val":100},"message_id":119},"type":"ws_msg"}
{"payload":{"local_timestamp":1715229931848,"log_other":{"key":"comet_log_per_class_metrics","val":false},"message_id":120},"type":"ws_msg"}
{"payload":{"local_timestamp":1715229931848,"log_other":{"key":"comet_log_batch_metrics","val":false},"message_id":121},"type":"ws_msg"}
{"payload":{"local_timestamp":1715229931848,"log_other":{"key":"comet_log_confusion_matrix","val":true},"message_id":122},"type":"ws_msg"}
{"payload":{"local_timestamp":1715229931848,"log_other":{"key":"comet_model_name","val":"yolov5"},"message_id":123},"type":"ws_msg"}
{"payload":{"local_timestamp":1715229931905,"message_id":124,"stderr":true,"stdout":"Overriding model.yaml nc=80 with nc=17\n"},"type":"ws_msg"}
{"payload":{"local_timestamp":1715229931905,"message_id":125,"stderr":true,"stdout":"\n                 from  n    params  module                                  arguments                     \n"},"type":"ws_msg"}
{"payload":{"local_timestamp":1715229931906,"message_id":126,"stderr":true,"stdout":"  0                -1  1      3520  models.common.Conv                      [3, 32, 6, 2, 2]              \n"},"type":"ws_msg"}
{"payload":{"local_timestamp":1715229931907,"message_id":127,"stderr":true,"stdout":"  1                -1  1     18560  models.common.Conv                      [32, 64, 3, 2]                \n"},"type":"ws_msg"}
{"payload":{"local_timestamp":1715229931909,"message_id":128,"stderr":true,"stdout":"  2                -1  1     18816  models.common.C3                        [64, 64, 1]                   \n"},"type":"ws_msg"}
{"payload":{"local_timestamp":1715229931910,"message_id":129,"stderr":true,"stdout":"  3                -1  1     73984  models.common.Conv                      [64, 128, 3, 2]               \n"},"type":"ws_msg"}
{"payload":{"local_timestamp":1715229931914,"message_id":130,"stderr":true,"stdout":"  4                -1  2    115712  models.common.C3                        [128, 128, 2]                 \n"},"type":"ws_msg"}
{"payload":{"local_timestamp":1715229931916,"message_id":131,"stderr":true,"stdout":"  5                -1  1    295424  models.common.Conv                      [128, 256, 3, 2]              \n"},"type":"ws_msg"}
{"payload":{"local_timestamp":1715229931922,"message_id":132,"stderr":true,"stdout":"  6                -1  3    625152  models.common.C3                        [256, 256, 3]                 \n"},"type":"ws_msg"}
{"payload":{"local_timestamp":1715229931929,"message_id":133,"stderr":true,"stdout":"  7                -1  1   1180672  models.common.Conv                      [256, 512, 3, 2]              \n"},"type":"ws_msg"}
{"payload":{"local_timestamp":1715229931937,"message_id":134,"stderr":true,"stdout":"  8                -1  1   1182720  models.common.C3                        [512, 512, 1]                 \n"},"type":"ws_msg"}
{"payload":{"local_timestamp":1715229931942,"message_id":135,"stderr":true,"stdout":"  9                -1  1    656896  models.common.SPPF                      [512, 512, 5]                 \n"},"type":"ws_msg"}
{"payload":{"local_timestamp":1715229931944,"message_id":136,"stderr":true,"stdout":" 10                -1  1    131584  models.common.Conv                      [512, 256, 1, 1]              \n"},"type":"ws_msg"}
{"payload":{"local_timestamp":1715229931944,"message_id":137,"stderr":true,"stdout":" 11                -1  1         0  torch.nn.modules.upsampling.Upsample    [None, 2, 'nearest']          \n"},"type":"ws_msg"}
{"payload":{"local_timestamp":1715229931944,"message_id":138,"stderr":true,"stdout":" 12           [-1, 6]  1         0  models.common.Concat                    [1]                           \n"},"type":"ws_msg"}
{"payload":{"local_timestamp":1715229931949,"message_id":139,"stderr":true,"stdout":" 13                -1  1    361984  models.common.C3                        [512, 256, 1, False]          \n"},"type":"ws_msg"}
{"payload":{"local_timestamp":1715229931949,"message_id":140,"stderr":true,"stdout":" 14                -1  1     33024  models.common.Conv                      [256, 128, 1, 1]              \n"},"type":"ws_msg"}
{"payload":{"local_timestamp":1715229931949,"message_id":141,"stderr":true,"stdout":" 15                -1  1         0  torch.nn.modules.upsampling.Upsample    [None, 2, 'nearest']          \n"},"type":"ws_msg"}
{"payload":{"local_timestamp":1715229931950,"message_id":142,"stderr":true,"stdout":" 16           [-1, 4]  1         0  models.common.Concat                    [1]                           \n"},"type":"ws_msg"}
{"payload":{"local_timestamp":1715229931952,"message_id":143,"stderr":true,"stdout":" 17                -1  1     90880  models.common.C3                        [256, 128, 1, False]          \n"},"type":"ws_msg"}
{"payload":{"local_timestamp":1715229931953,"message_id":144,"stderr":true,"stdout":" 18                -1  1    147712  models.common.Conv                      [128, 128, 3, 2]              \n"},"type":"ws_msg"}
{"payload":{"local_timestamp":1715229931954,"message_id":145,"stderr":true,"stdout":" 19          [-1, 14]  1         0  models.common.Concat                    [1]                           \n"},"type":"ws_msg"}
{"payload":{"local_timestamp":1715229931957,"message_id":146,"stderr":true,"stdout":" 20                -1  1    296448  models.common.C3                        [256, 256, 1, False]          \n"},"type":"ws_msg"}
{"payload":{"local_timestamp":1715229931961,"message_id":147,"stderr":true,"stdout":" 21                -1  1    590336  models.common.Conv                      [256, 256, 3, 2]              \n"},"type":"ws_msg"}
{"payload":{"local_timestamp":1715229931961,"message_id":148,"stderr":true,"stdout":" 22          [-1, 10]  1         0  models.common.Concat                    [1]                           \n"},"type":"ws_msg"}
{"payload":{"local_timestamp":1715229931970,"message_id":149,"stderr":true,"stdout":" 23                -1  1   1182720  models.common.C3                        [512, 512, 1, False]          \n"},"type":"ws_msg"}
{"payload":{"local_timestamp":1715229931972,"message_id":150,"stderr":true,"stdout":" 24      [17, 20, 23]  1     59334  models.yolo.Detect                      [17, [[10, 13, 16, 30, 33, 23], [30, 61, 62, 45, 59, 119], [116, 90, 156, 198, 373, 326]], [128, 256, 512]]\n"},"type":"ws_msg"}
{"payload":{"local_timestamp":1715229932041,"message_id":151,"metric":{"epoch":null,"metricName":"sys.disk.root.used","metricValue":467518533632,"step":null}},"type":"metric_msg"}
{"payload":{"local_timestamp":1715229932041,"message_id":152,"metric":{"epoch":null,"metricName":"sys.disk.root.percent.used","metricValue":94.6,"step":null}},"type":"metric_msg"}
{"payload":{"git_meta":{"branch":"refs/heads/master","origin":"https://github.com/ultralytics/yolov5","parent":"920c721ea77315291f987ea5b911be7fb619d134","repo_name":"yolov5","root":"1e84a23f38fad9e52b59101e9f1246d93066ed1e","status":null,"user":"Arie Brainware"},"local_timestamp":1715229932237,"message_id":153},"type":"ws_msg"}
{"payload":{"local_timestamp":1715229932280,"message_id":154,"stderr":true,"stdout":"Model summary: 214 layers, 7065478 parameters, 7065478 gradients, 16.1 GFLOPs\n"},"type":"ws_msg"}
{"payload":{"local_timestamp":1715229932281,"message_id":155,"stderr":true,"stdout":"\n"},"type":"ws_msg"}
{"payload":{"local_timestamp":1715229932344,"message_id":156,"stderr":true,"stdout":"Transferred 343/349 items from yolov5s.pt\n"},"type":"ws_msg"}
{"payload":{"local_timestamp":1715229932350,"message_id":157,"stderr":true,"stdout":"\u001b[34m\u001b[1moptimizer:\u001b[0m SGD(lr=0.01) with parameter groups 57 weight(decay=0.0), 60 weight(decay=0.0005), 60 bias\n"},"type":"ws_msg"}
{"payload":{"local_timestamp":1715229932523,"message_id":158,"stderr":true,"stdout":"\r\u001b[34m\u001b[1mtrain: \u001b[0mScanning /Users/ariebrainware/go/src/github.com/nicknochnack/YOLO-Drowsin\u001b[0m"},"type":"ws_msg"}
{"payload":{"additional_params":{"assetId":"4c0775527ee24730a9f86eeb6ef0cff1","context":null,"epoch":null,"extension":"yml","fileName":"conda-environment.yml","overwrite":false,"runId":null,"step":null,"type":"conda-environment-definition"},"clean":true,"file_path":"tmp04793r8q","local_timestamp":1715229939815,"message_id":159,"metadata":{},"upload_type":"conda-environment-definition"},"type":"file_upload"}
{"payload":{"additional_params":{"assetId":"d9815a4e16f3425ca86c654b6be4ebb8","context":null,"epoch":null,"extension":"txt","fileName":"conda-spec.txt","overwrite":false,"runId":null,"step":null,"type":"conda-specification"},"clean":true,"file_path":"tmpmyo5aos_","local_timestamp":1715229941870,"message_id":160,"metadata":{},"upload_type":"conda-specification"},"type":"file_upload"}
{"payload":{"local_timestamp":1715229944070,"message_id":161,"stderr":true,"stdout":"\r\u001b[34m\u001b[1mtrain: \u001b[0mScanning /Users/ariebrainware/go/src/github.com/nicknochnack/YOLO-Drowsin\u001b[0m"},"type":"ws_msg"}
{"payload":{"local_timestamp":1715229944105,"message_id":162,"stderr":true,"stdout":"\r\u001b[34m\u001b[1mtrain: \u001b[0mScanning /Users/ariebrainware/go/src/github.com/nicknochnack/YOLO-Drowsin\u001b[0m"},"type":"ws_msg"}
{"payload":{"local_timestamp":1715229944105,"message_id":163,"stderr":true,"stdout":"\n"},"type":"ws_msg"}
{"payload":{"local_timestamp":1715229944148,"message_id":164,"stderr":true,"stdout":"\u001b[34m\u001b[1mtrain: \u001b[0mWARNING \u26a0\ufe0f No labels found in /Users/ariebrainware/go/src/github.com/nicknochnack/YOLO-Drowsiness-Detection/yolov5/data/labels/labels.cache. See https://docs.ultralytics.com/yolov5/tutorials/train_custom_data\n"},"type":"ws_msg"}
{"payload":{"local_timestamp":1715229944150,"message_id":165,"stderr":true,"stdout":"\u001b[34m\u001b[1mtrain: \u001b[0mWARNING \u26a0\ufe0f Cache directory /Users/ariebrainware/go/src/github.com/nicknochnack/YOLO-Drowsiness-Detection/yolov5/data/labels is not writeable: [Errno 2] No such file or directory: '/Users/ariebrainware/go/src/github.com/nicknochnack/YOLO-Drowsiness-Detection/yolov5/data/labels/labels.cache.npy'\n"},"type":"ws_msg"}
{"payload":{"local_timestamp":1715229944152,"message_id":166,"stderr":true,"stdout":"Traceback (most recent call last):\n"},"type":"ws_msg"}
{"payload":{"local_timestamp":1715229944152,"message_id":167,"stderr":true,"stdout":"  File \"/Users/ariebrainware/go/src/github.com/nicknochnack/YOLO-Drowsiness-Detection/yolov5/train.py\", line 848, in <module>\n"},"type":"ws_msg"}
{"payload":{"local_timestamp":1715229944153,"message_id":168,"stderr":true,"stdout":"    "},"type":"ws_msg"}
{"payload":{"local_timestamp":1715229944153,"message_id":169,"stderr":true,"stdout":"main(opt)"},"type":"ws_msg"}
{"payload":{"local_timestamp":1715229944153,"message_id":170,"stderr":true,"stdout":"\n"},"type":"ws_msg"}
{"payload":{"local_timestamp":1715229944153,"message_id":171,"stderr":true,"stdout":"  File \"/Users/ariebrainware/go/src/github.com/nicknochnack/YOLO-Drowsiness-Detection/yolov5/train.py\", line 623, in main\n"},"type":"ws_msg"}
{"payload":{"local_timestamp":1715229944154,"message_id":172,"stderr":true,"stdout":"    "},"type":"ws_msg"}
{"payload":{"local_timestamp":1715229944154,"message_id":173,"stderr":true,"stdout":"train(opt.hyp, opt, device, callbacks)"},"type":"ws_msg"}
{"payload":{"local_timestamp":1715229944154,"message_id":174,"stderr":true,"stdout":"\n"},"type":"ws_msg"}
{"payload":{"local_timestamp":1715229944155,"message_id":175,"stderr":true,"stdout":"  File \"/Users/ariebrainware/go/src/github.com/nicknochnack/YOLO-Drowsiness-Detection/yolov5/train.py\", line 254, in train\n"},"type":"ws_msg"}
{"payload":{"local_timestamp":1715229944155,"message_id":176,"stderr":true,"stdout":"    "},"type":"ws_msg"}
{"payload":{"local_timestamp":1715229944155,"message_id":177,"stderr":true,"stdout":"train_loader, dataset = create_dataloader("},"type":"ws_msg"}
{"payload":{"local_timestamp":1715229944155,"message_id":178,"stderr":true,"stdout":"\n"},"type":"ws_msg"}
{"payload":{"local_timestamp":1715229944155,"message_id":179,"stderr":true,"stdout":" "},"type":"ws_msg"}
{"payload":{"local_timestamp":1715229944155,"message_id":180,"stderr":true,"stdout":" "},"type":"ws_msg"}
{"payload":{"local_timestamp":1715229944155,"message_id":181,"stderr":true,"stdout":" "},"type":"ws_msg"}
{"payload":{"local_timestamp":1715229944155,"message_id":182,"stderr":true,"stdout":" "},"type":"ws_msg"}
{"payload":{"local_timestamp":1715229944155,"message_id":183,"stderr":true,"stdout":" "},"type":"ws_msg"}
{"payload":{"local_timestamp":1715229944155,"message_id":184,"stderr":true,"stdout":" "},"type":"ws_msg"}
{"payload":{"local_timestamp":1715229944155,"message_id":185,"stderr":true,"stdout":" "},"type":"ws_msg"}
{"payload":{"local_timestamp":1715229944155,"message_id":186,"stderr":true,"stdout":" "},"type":"ws_msg"}
{"payload":{"local_timestamp":1715229944155,"message_id":187,"stderr":true,"stdout":" "},"type":"ws_msg"}
{"payload":{"local_timestamp":1715229944155,"message_id":188,"stderr":true,"stdout":" "},"type":"ws_msg"}
{"payload":{"local_timestamp":1715229944155,"message_id":189,"stderr":true,"stdout":" "},"type":"ws_msg"}
{"payload":{"local_timestamp":1715229944155,"message_id":190,"stderr":true,"stdout":" "},"type":"ws_msg"}
{"payload":{"local_timestamp":1715229944155,"message_id":191,"stderr":true,"stdout":" "},"type":"ws_msg"}
{"payload":{"local_timestamp":1715229944155,"message_id":192,"stderr":true,"stdout":" "},"type":"ws_msg"}
{"payload":{"local_timestamp":1715229944155,"message_id":193,"stderr":true,"stdout":" "},"type":"ws_msg"}
{"payload":{"local_timestamp":1715229944155,"message_id":194,"stderr":true,"stdout":" "},"type":"ws_msg"}
{"payload":{"local_timestamp":1715229944155,"message_id":195,"stderr":true,"stdout":" "},"type":"ws_msg"}
{"payload":{"local_timestamp":1715229944155,"message_id":196,"stderr":true,"stdout":" "},"type":"ws_msg"}
{"payload":{"local_timestamp":1715229944156,"message_id":197,"stderr":true,"stdout":" "},"type":"ws_msg"}
{"payload":{"local_timestamp":1715229944156,"message_id":198,"stderr":true,"stdout":" "},"type":"ws_msg"}
{"payload":{"local_timestamp":1715229944156,"message_id":199,"stderr":true,"stdout":" "},"type":"ws_msg"}
{"payload":{"local_timestamp":1715229944156,"message_id":200,"stderr":true,"stdout":" "},"type":"ws_msg"}
{"payload":{"local_timestamp":1715229944156,"message_id":201,"stderr":true,"stdout":" "},"type":"ws_msg"}
{"payload":{"local_timestamp":1715229944156,"message_id":202,"stderr":true,"stdout":" "},"type":"ws_msg"}
{"payload":{"local_timestamp":1715229944156,"message_id":203,"stderr":true,"stdout":" "},"type":"ws_msg"}
{"payload":{"local_timestamp":1715229944156,"message_id":204,"stderr":true,"stdout":" "},"type":"ws_msg"}
{"payload":{"local_timestamp":1715229944156,"message_id":205,"stderr":true,"stdout":" "},"type":"ws_msg"}
{"payload":{"local_timestamp":1715229944156,"message_id":206,"stderr":true,"stdout":" "},"type":"ws_msg"}
{"payload":{"local_timestamp":1715229944156,"message_id":207,"stderr":true,"stdout":"^"},"type":"ws_msg"}
{"payload":{"local_timestamp":1715229944156,"message_id":208,"stderr":true,"stdout":"^"},"type":"ws_msg"}
{"payload":{"local_timestamp":1715229944156,"message_id":209,"stderr":true,"stdout":"^"},"type":"ws_msg"}
{"payload":{"local_timestamp":1715229944156,"message_id":210,"stderr":true,"stdout":"^"},"type":"ws_msg"}
{"payload":{"local_timestamp":1715229944156,"message_id":211,"stderr":true,"stdout":"^"},"type":"ws_msg"}
{"payload":{"local_timestamp":1715229944156,"message_id":212,"stderr":true,"stdout":"^"},"type":"ws_msg"}
{"payload":{"local_timestamp":1715229944156,"message_id":213,"stderr":true,"stdout":"^"},"type":"ws_msg"}
{"payload":{"local_timestamp":1715229944156,"message_id":214,"stderr":true,"stdout":"^"},"type":"ws_msg"}
{"payload":{"local_timestamp":1715229944156,"message_id":215,"stderr":true,"stdout":"^"},"type":"ws_msg"}
{"payload":{"local_timestamp":1715229944156,"message_id":216,"stderr":true,"stdout":"^"},"type":"ws_msg"}
{"payload":{"local_timestamp":1715229944156,"message_id":217,"stderr":true,"stdout":"^"},"type":"ws_msg"}
{"payload":{"local_timestamp":1715229944156,"message_id":218,"stderr":true,"stdout":"^"},"type":"ws_msg"}
{"payload":{"local_timestamp":1715229944156,"message_id":219,"stderr":true,"stdout":"^"},"type":"ws_msg"}
{"payload":{"local_timestamp":1715229944156,"message_id":220,"stderr":true,"stdout":"^"},"type":"ws_msg"}
{"payload":{"local_timestamp":1715229944156,"message_id":221,"stderr":true,"stdout":"^"},"type":"ws_msg"}
{"payload":{"local_timestamp":1715229944156,"message_id":222,"stderr":true,"stdout":"^"},"type":"ws_msg"}
{"payload":{"local_timestamp":1715229944156,"message_id":223,"stderr":true,"stdout":"^"},"type":"ws_msg"}
{"payload":{"local_timestamp":1715229944156,"message_id":224,"stderr":true,"stdout":"^"},"type":"ws_msg"}
{"payload":{"local_timestamp":1715229944156,"message_id":225,"stderr":true,"stdout":"\n"},"type":"ws_msg"}
{"payload":{"local_timestamp":1715229944156,"message_id":226,"stderr":true,"stdout":"  File \"/Users/ariebrainware/go/src/github.com/nicknochnack/YOLO-Drowsiness-Detection/yolov5/utils/dataloaders.py\", line 181, in create_dataloader\n"},"type":"ws_msg"}
{"payload":{"local_timestamp":1715229944157,"message_id":227,"stderr":true,"stdout":"    "},"type":"ws_msg"}
{"payload":{"local_timestamp":1715229944157,"message_id":228,"stderr":true,"stdout":"dataset = LoadImagesAndLabels("},"type":"ws_msg"}
{"payload":{"local_timestamp":1715229944157,"message_id":229,"stderr":true,"stdout":"\n"},"type":"ws_msg"}
{"payload":{"local_timestamp":1715229944157,"message_id":230,"stderr":true,"stdout":" "},"type":"ws_msg"}
{"payload":{"local_timestamp":1715229944157,"message_id":231,"stderr":true,"stdout":" "},"type":"ws_msg"}
{"payload":{"local_timestamp":1715229944157,"message_id":232,"stderr":true,"stdout":" "},"type":"ws_msg"}
{"payload":{"local_timestamp":1715229944157,"message_id":233,"stderr":true,"stdout":" "},"type":"ws_msg"}
{"payload":{"local_timestamp":1715229944157,"message_id":234,"stderr":true,"stdout":" "},"type":"ws_msg"}
{"payload":{"local_timestamp":1715229944157,"message_id":235,"stderr":true,"stdout":" "},"type":"ws_msg"}
{"payload":{"local_timestamp":1715229944157,"message_id":236,"stderr":true,"stdout":" "},"type":"ws_msg"}
{"payload":{"local_timestamp":1715229944157,"message_id":237,"stderr":true,"stdout":" "},"type":"ws_msg"}
{"payload":{"local_timestamp":1715229944157,"message_id":238,"stderr":true,"stdout":" "},"type":"ws_msg"}
{"payload":{"local_timestamp":1715229944157,"message_id":239,"stderr":true,"stdout":" "},"type":"ws_msg"}
{"payload":{"local_timestamp":1715229944157,"message_id":240,"stderr":true,"stdout":" "},"type":"ws_msg"}
{"payload":{"local_timestamp":1715229944157,"message_id":241,"stderr":true,"stdout":" "},"type":"ws_msg"}
{"payload":{"local_timestamp":1715229944157,"message_id":242,"stderr":true,"stdout":" "},"type":"ws_msg"}
{"payload":{"local_timestamp":1715229944157,"message_id":243,"stderr":true,"stdout":" "},"type":"ws_msg"}
{"payload":{"local_timestamp":1715229944157,"message_id":244,"stderr":true,"stdout":"^"},"type":"ws_msg"}
{"payload":{"local_timestamp":1715229944157,"message_id":245,"stderr":true,"stdout":"^"},"type":"ws_msg"}
{"payload":{"local_timestamp":1715229944157,"message_id":246,"stderr":true,"stdout":"^"},"type":"ws_msg"}
{"payload":{"local_timestamp":1715229944158,"message_id":247,"stderr":true,"stdout":"^"},"type":"ws_msg"}
{"payload":{"local_timestamp":1715229944158,"message_id":248,"stderr":true,"stdout":"^"},"type":"ws_msg"}
{"payload":{"local_timestamp":1715229944158,"message_id":249,"stderr":true,"stdout":"^"},"type":"ws_msg"}
{"payload":{"local_timestamp":1715229944158,"message_id":250,"stderr":true,"stdout":"^"},"type":"ws_msg"}
{"payload":{"local_timestamp":1715229944158,"message_id":251,"stderr":true,"stdout":"^"},"type":"ws_msg"}
{"payload":{"local_timestamp":1715229944158,"message_id":252,"stderr":true,"stdout":"^"},"type":"ws_msg"}
{"payload":{"local_timestamp":1715229944158,"message_id":253,"stderr":true,"stdout":"^"},"type":"ws_msg"}
{"payload":{"local_timestamp":1715229944158,"message_id":254,"stderr":true,"stdout":"^"},"type":"ws_msg"}
{"payload":{"local_timestamp":1715229944158,"message_id":255,"stderr":true,"stdout":"^"},"type":"ws_msg"}
{"payload":{"local_timestamp":1715229944158,"message_id":256,"stderr":true,"stdout":"^"},"type":"ws_msg"}
{"payload":{"local_timestamp":1715229944158,"message_id":257,"stderr":true,"stdout":"^"},"type":"ws_msg"}
{"payload":{"local_timestamp":1715229944158,"message_id":258,"stderr":true,"stdout":"^"},"type":"ws_msg"}
{"payload":{"local_timestamp":1715229944158,"message_id":259,"stderr":true,"stdout":"^"},"type":"ws_msg"}
{"payload":{"local_timestamp":1715229944158,"message_id":260,"stderr":true,"stdout":"^"},"type":"ws_msg"}
{"payload":{"local_timestamp":1715229944158,"message_id":261,"stderr":true,"stdout":"^"},"type":"ws_msg"}
{"payload":{"local_timestamp":1715229944158,"message_id":262,"stderr":true,"stdout":"^"},"type":"ws_msg"}
{"payload":{"local_timestamp":1715229944158,"message_id":263,"stderr":true,"stdout":"^"},"type":"ws_msg"}
{"payload":{"local_timestamp":1715229944158,"message_id":264,"stderr":true,"stdout":"\n"},"type":"ws_msg"}
{"payload":{"local_timestamp":1715229944158,"message_id":265,"stderr":true,"stdout":"  File \"/Users/ariebrainware/go/src/github.com/nicknochnack/YOLO-Drowsiness-Detection/yolov5/utils/dataloaders.py\", line 604, in __init__\n"},"type":"ws_msg"}
{"payload":{"local_timestamp":1715229944160,"message_id":266,"stderr":true,"stdout":"    "},"type":"ws_msg"}
{"payload":{"local_timestamp":1715229944160,"message_id":267,"stderr":true,"stdout":"assert nf > 0 or not augment, f\"{prefix}No labels found in {cache_path}, can not start training. {HELP_URL}\""},"type":"ws_msg"}
{"payload":{"local_timestamp":1715229944160,"message_id":268,"stderr":true,"stdout":"\n"},"type":"ws_msg"}
{"payload":{"local_timestamp":1715229944160,"message_id":269,"stderr":true,"stdout":" "},"type":"ws_msg"}
{"payload":{"local_timestamp":1715229944160,"message_id":270,"stderr":true,"stdout":" "},"type":"ws_msg"}
{"payload":{"local_timestamp":1715229944160,"message_id":271,"stderr":true,"stdout":" "},"type":"ws_msg"}
{"payload":{"local_timestamp":1715229944160,"message_id":272,"stderr":true,"stdout":" "},"type":"ws_msg"}
{"payload":{"local_timestamp":1715229944160,"message_id":273,"stderr":true,"stdout":" "},"type":"ws_msg"}
{"payload":{"local_timestamp":1715229944160,"message_id":274,"stderr":true,"stdout":" "},"type":"ws_msg"}
{"payload":{"local_timestamp":1715229944160,"message_id":275,"stderr":true,"stdout":" "},"type":"ws_msg"}
{"payload":{"local_timestamp":1715229944160,"message_id":276,"stderr":true,"stdout":" "},"type":"ws_msg"}
{"payload":{"local_timestamp":1715229944160,"message_id":277,"stderr":true,"stdout":" "},"type":"ws_msg"}
{"payload":{"local_timestamp":1715229944160,"message_id":278,"stderr":true,"stdout":" "},"type":"ws_msg"}
{"payload":{"local_timestamp":1715229944160,"message_id":279,"stderr":true,"stdout":" "},"type":"ws_msg"}
{"payload":{"local_timestamp":1715229944160,"message_id":280,"stderr":true,"stdout":"^"},"type":"ws_msg"}
{"payload":{"local_timestamp":1715229944160,"message_id":281,"stderr":true,"stdout":"^"},"type":"ws_msg"}
{"payload":{"local_timestamp":1715229944160,"message_id":282,"stderr":true,"stdout":"^"},"type":"ws_msg"}
{"payload":{"local_timestamp":1715229944160,"message_id":283,"stderr":true,"stdout":"^"},"type":"ws_msg"}
{"payload":{"local_timestamp":1715229944160,"message_id":284,"stderr":true,"stdout":"^"},"type":"ws_msg"}
{"payload":{"local_timestamp":1715229944160,"message_id":285,"stderr":true,"stdout":"^"},"type":"ws_msg"}
{"payload":{"local_timestamp":1715229944160,"message_id":286,"stderr":true,"stdout":"^"},"type":"ws_msg"}
{"payload":{"local_timestamp":1715229944161,"message_id":287,"stderr":true,"stdout":"^"},"type":"ws_msg"}
{"payload":{"local_timestamp":1715229944161,"message_id":288,"stderr":true,"stdout":"^"},"type":"ws_msg"}
{"payload":{"local_timestamp":1715229944161,"message_id":289,"stderr":true,"stdout":"^"},"type":"ws_msg"}
{"payload":{"local_timestamp":1715229944161,"message_id":290,"stderr":true,"stdout":"^"},"type":"ws_msg"}
{"payload":{"local_timestamp":1715229944161,"message_id":291,"stderr":true,"stdout":"^"},"type":"ws_msg"}
{"payload":{"local_timestamp":1715229944161,"message_id":292,"stderr":true,"stdout":"^"},"type":"ws_msg"}
{"payload":{"local_timestamp":1715229944161,"message_id":293,"stderr":true,"stdout":"^"},"type":"ws_msg"}
{"payload":{"local_timestamp":1715229944161,"message_id":294,"stderr":true,"stdout":"^"},"type":"ws_msg"}
{"payload":{"local_timestamp":1715229944161,"message_id":295,"stderr":true,"stdout":"^"},"type":"ws_msg"}
{"payload":{"local_timestamp":1715229944161,"message_id":296,"stderr":true,"stdout":"^"},"type":"ws_msg"}
{"payload":{"local_timestamp":1715229944161,"message_id":297,"stderr":true,"stdout":"^"},"type":"ws_msg"}
{"payload":{"local_timestamp":1715229944161,"message_id":298,"stderr":true,"stdout":"^"},"type":"ws_msg"}
{"payload":{"local_timestamp":1715229944161,"message_id":299,"stderr":true,"stdout":"^"},"type":"ws_msg"}
{"payload":{"local_timestamp":1715229944161,"message_id":300,"stderr":true,"stdout":"^"},"type":"ws_msg"}
{"payload":{"local_timestamp":1715229944161,"message_id":301,"stderr":true,"stdout":"\n"},"type":"ws_msg"}
{"payload":{"local_timestamp":1715229944161,"message_id":302,"stderr":true,"stdout":"AssertionError"},"type":"ws_msg"}
{"payload":{"local_timestamp":1715229944161,"message_id":303,"stderr":true,"stdout":": "},"type":"ws_msg"}
{"payload":{"local_timestamp":1715229944161,"message_id":304,"stderr":true,"stdout":"\u001b[34m\u001b[1mtrain: \u001b[0mNo labels found in /Users/ariebrainware/go/src/github.com/nicknochnack/YOLO-Drowsiness-Detection/yolov5/data/labels/labels.cache, can not start training. See https://docs.ultralytics.com/yolov5/tutorials/train_custom_data"},"type":"ws_msg"}
{"payload":{"local_timestamp":1715229944161,"message_id":305,"stderr":true,"stdout":"\n"},"type":"ws_msg"}
{"payload":{"additional_params":{"assetId":"fd69e425c5ff44d89897a9ebb8e7e356","context":null,"epoch":null,"extension":"yml","fileName":"conda-info.yml","overwrite":false,"runId":null,"step":null,"type":"conda-info"},"clean":true,"file_path":"tmpis47wix0","local_timestamp":1715229944203,"message_id":306,"metadata":{},"upload_type":"conda-info"},"type":"file_upload"}
{"payload":{"local_timestamp":1715229944189,"message_id":307,"stderr":true,"stdout":"\u001b[1;38;5;39mCOMET INFO:\u001b[0m ---------------------------------------------------------------------------------------\n"},"type":"ws_msg"}
{"payload":{"local_timestamp":1715229944189,"message_id":308,"stderr":true,"stdout":"\u001b[1;38;5;39mCOMET INFO:\u001b[0m Comet.ml OfflineExperiment Summary\n"},"type":"ws_msg"}
{"payload":{"local_timestamp":1715229944189,"message_id":309,"stderr":true,"stdout":"\u001b[1;38;5;39mCOMET INFO:\u001b[0m ---------------------------------------------------------------------------------------\n"},"type":"ws_msg"}
{"payload":{"local_timestamp":1715229944189,"message_id":310,"stderr":true,"stdout":"\u001b[1;38;5;39mCOMET INFO:\u001b[0m   Data:\n"},"type":"ws_msg"}
{"payload":{"local_timestamp":1715229944189,"message_id":311,"stderr":true,"stdout":"\u001b[1;38;5;39mCOMET INFO:\u001b[0m     display_summary_level : 1\n"},"type":"ws_msg"}
{"payload":{"local_timestamp":1715229944190,"message_id":312,"stderr":true,"stdout":"\u001b[1;38;5;39mCOMET INFO:\u001b[0m     name                  : exp\n"},"type":"ws_msg"}
{"payload":{"local_timestamp":1715229944190,"message_id":313,"stderr":true,"stdout":"\u001b[1;38;5;39mCOMET INFO:\u001b[0m     url                   : [OfflineExperiment will get URL after upload]\n"},"type":"ws_msg"}
{"payload":{"local_timestamp":1715229944190,"message_id":314,"stderr":true,"stdout":"\u001b[1;38;5;39mCOMET INFO:\u001b[0m   Others:\n"},"type":"ws_msg"}
{"payload":{"local_timestamp":1715229944190,"message_id":315,"stderr":true,"stdout":"\u001b[1;38;5;39mCOMET INFO:\u001b[0m     Created from                : YOLOv5\n"},"type":"ws_msg"}
{"payload":{"local_timestamp":1715229944190,"message_id":316,"stderr":true,"stdout":"\u001b[1;38;5;39mCOMET INFO:\u001b[0m     Name                        : exp\n"},"type":"ws_msg"}
{"payload":{"local_timestamp":1715229944190,"message_id":317,"stderr":true,"stdout":"\u001b[1;38;5;39mCOMET INFO:\u001b[0m     comet_log_batch_metrics     : False\n"},"type":"ws_msg"}
{"payload":{"local_timestamp":1715229944190,"message_id":318,"stderr":true,"stdout":"\u001b[1;38;5;39mCOMET INFO:\u001b[0m     comet_log_confusion_matrix  : True\n"},"type":"ws_msg"}
{"payload":{"local_timestamp":1715229944190,"message_id":319,"stderr":true,"stdout":"\u001b[1;38;5;39mCOMET INFO:\u001b[0m     comet_log_per_class_metrics : False\n"},"type":"ws_msg"}
{"payload":{"local_timestamp":1715229944190,"message_id":320,"stderr":true,"stdout":"\u001b[1;38;5;39mCOMET INFO:\u001b[0m     comet_max_image_uploads     : 100\n"},"type":"ws_msg"}
{"payload":{"local_timestamp":1715229944190,"message_id":321,"stderr":true,"stdout":"\u001b[1;38;5;39mCOMET INFO:\u001b[0m     comet_mode                  : online\n"},"type":"ws_msg"}
{"payload":{"local_timestamp":1715229944190,"message_id":322,"stderr":true,"stdout":"\u001b[1;38;5;39mCOMET INFO:\u001b[0m     comet_model_name            : yolov5\n"},"type":"ws_msg"}
{"payload":{"local_timestamp":1715229944191,"message_id":323,"stderr":true,"stdout":"\u001b[1;38;5;39mCOMET INFO:\u001b[0m     hasNestedParams             : True\n"},"type":"ws_msg"}
{"payload":{"local_timestamp":1715229944191,"message_id":324,"stderr":true,"stdout":"\u001b[1;38;5;39mCOMET INFO:\u001b[0m     offline_experiment          : True\n"},"type":"ws_msg"}
{"payload":{"local_timestamp":1715229944191,"message_id":325,"stderr":true,"stdout":"\u001b[1;38;5;39mCOMET INFO:\u001b[0m   Parameters:\n"},"type":"ws_msg"}
{"payload":{"local_timestamp":1715229944191,"message_id":326,"stderr":true,"stdout":"\u001b[1;38;5;39mCOMET INFO:\u001b[0m     anchor_t            : 4.0\n"},"type":"ws_msg"}
{"payload":{"local_timestamp":1715229944191,"message_id":327,"stderr":true,"stdout":"\u001b[1;38;5;39mCOMET INFO:\u001b[0m     artifact_alias      : latest\n"},"type":"ws_msg"}
{"payload":{"local_timestamp":1715229944191,"message_id":328,"stderr":true,"stdout":"\u001b[1;38;5;39mCOMET INFO:\u001b[0m     batch_size          : 16\n"},"type":"ws_msg"}
{"payload":{"local_timestamp":1715229944191,"message_id":329,"stderr":true,"stdout":"\u001b[1;38;5;39mCOMET INFO:\u001b[0m     bbox_interval       : -1\n"},"type":"ws_msg"}
{"payload":{"local_timestamp":1715229944191,"message_id":330,"stderr":true,"stdout":"\u001b[1;38;5;39mCOMET INFO:\u001b[0m     box                 : 0.05\n"},"type":"ws_msg"}
{"payload":{"local_timestamp":1715229944191,"message_id":331,"stderr":true,"stdout":"\u001b[1;38;5;39mCOMET INFO:\u001b[0m     bucket              : \n"},"type":"ws_msg"}
{"payload":{"local_timestamp":1715229944191,"message_id":332,"stderr":true,"stdout":"\u001b[1;38;5;39mCOMET INFO:\u001b[0m     cache               : None\n"},"type":"ws_msg"}
{"payload":{"local_timestamp":1715229944191,"message_id":333,"stderr":true,"stdout":"\u001b[1;38;5;39mCOMET INFO:\u001b[0m     cfg                 : \n"},"type":"ws_msg"}
{"payload":{"local_timestamp":1715229944191,"message_id":334,"stderr":true,"stdout":"\u001b[1;38;5;39mCOMET INFO:\u001b[0m     cls                 : 0.5\n"},"type":"ws_msg"}
{"payload":{"local_timestamp":1715229944192,"message_id":335,"stderr":true,"stdout":"\u001b[1;38;5;39mCOMET INFO:\u001b[0m     cls_pw              : 1.0\n"},"type":"ws_msg"}
{"payload":{"local_timestamp":1715229944192,"message_id":336,"stderr":true,"stdout":"\u001b[1;38;5;39mCOMET INFO:\u001b[0m     copy_paste          : 0.0\n"},"type":"ws_msg"}
{"payload":{"local_timestamp":1715229944192,"message_id":337,"stderr":true,"stdout":"\u001b[1;38;5;39mCOMET INFO:\u001b[0m     cos_lr              : False\n"},"type":"ws_msg"}
{"payload":{"local_timestamp":1715229944192,"message_id":338,"stderr":true,"stdout":"\u001b[1;38;5;39mCOMET INFO:\u001b[0m     degrees             : 0.0\n"},"type":"ws_msg"}
{"payload":{"local_timestamp":1715229944192,"message_id":339,"stderr":true,"stdout":"\u001b[1;38;5;39mCOMET INFO:\u001b[0m     device              : \n"},"type":"ws_msg"}
{"payload":{"local_timestamp":1715229944192,"message_id":340,"stderr":true,"stdout":"\u001b[1;38;5;39mCOMET INFO:\u001b[0m     entity              : None\n"},"type":"ws_msg"}
{"payload":{"local_timestamp":1715229944192,"message_id":341,"stderr":true,"stdout":"\u001b[1;38;5;39mCOMET INFO:\u001b[0m     evolve              : None\n"},"type":"ws_msg"}
{"payload":{"local_timestamp":1715229944192,"message_id":342,"stderr":true,"stdout":"\u001b[1;38;5;39mCOMET INFO:\u001b[0m     evolve_population   : data/hyps\n"},"type":"ws_msg"}
{"payload":{"local_timestamp":1715229944192,"message_id":343,"stderr":true,"stdout":"\u001b[1;38;5;39mCOMET INFO:\u001b[0m     exist_ok            : False\n"},"type":"ws_msg"}
{"payload":{"local_timestamp":1715229944192,"message_id":344,"stderr":true,"stdout":"\u001b[1;38;5;39mCOMET INFO:\u001b[0m     fl_gamma            : 0.0\n"},"type":"ws_msg"}
{"payload":{"local_timestamp":1715229944192,"message_id":345,"stderr":true,"stdout":"\u001b[1;38;5;39mCOMET INFO:\u001b[0m     fliplr              : 0.5\n"},"type":"ws_msg"}
{"payload":{"local_timestamp":1715229944192,"message_id":346,"stderr":true,"stdout":"\u001b[1;38;5;39mCOMET INFO:\u001b[0m     flipud              : 0.0\n"},"type":"ws_msg"}
{"payload":{"local_timestamp":1715229944193,"message_id":347,"stderr":true,"stdout":"\u001b[1;38;5;39mCOMET INFO:\u001b[0m     freeze              : [0]\n"},"type":"ws_msg"}
{"payload":{"local_timestamp":1715229944193,"message_id":348,"stderr":true,"stdout":"\u001b[1;38;5;39mCOMET INFO:\u001b[0m     hsv_h               : 0.015\n"},"type":"ws_msg"}
{"payload":{"local_timestamp":1715229944193,"message_id":349,"stderr":true,"stdout":"\u001b[1;38;5;39mCOMET INFO:\u001b[0m     hsv_s               : 0.7\n"},"type":"ws_msg"}
{"payload":{"local_timestamp":1715229944193,"message_id":350,"stderr":true,"stdout":"\u001b[1;38;5;39mCOMET INFO:\u001b[0m     hsv_v               : 0.4\n"},"type":"ws_msg"}
{"payload":{"local_timestamp":1715229944193,"message_id":351,"stderr":true,"stdout":"\u001b[1;38;5;39mCOMET INFO:\u001b[0m     hyp|anchor_t        : 4.0\n"},"type":"ws_msg"}
{"payload":{"local_timestamp":1715229944193,"message_id":352,"stderr":true,"stdout":"\u001b[1;38;5;39mCOMET INFO:\u001b[0m     hyp|box             : 0.05\n"},"type":"ws_msg"}
{"payload":{"local_timestamp":1715229944193,"message_id":353,"stderr":true,"stdout":"\u001b[1;38;5;39mCOMET INFO:\u001b[0m     hyp|cls             : 0.5\n"},"type":"ws_msg"}
{"payload":{"local_timestamp":1715229944193,"message_id":354,"stderr":true,"stdout":"\u001b[1;38;5;39mCOMET INFO:\u001b[0m     hyp|cls_pw          : 1.0\n"},"type":"ws_msg"}
{"payload":{"local_timestamp":1715229944193,"message_id":355,"stderr":true,"stdout":"\u001b[1;38;5;39mCOMET INFO:\u001b[0m     hyp|copy_paste      : 0.0\n"},"type":"ws_msg"}
{"payload":{"local_timestamp":1715229944193,"message_id":356,"stderr":true,"stdout":"\u001b[1;38;5;39mCOMET INFO:\u001b[0m     hyp|degrees         : 0.0\n"},"type":"ws_msg"}
{"payload":{"local_timestamp":1715229944193,"message_id":357,"stderr":true,"stdout":"\u001b[1;38;5;39mCOMET INFO:\u001b[0m     hyp|fl_gamma        : 0.0\n"},"type":"ws_msg"}
{"payload":{"local_timestamp":1715229944194,"message_id":358,"stderr":true,"stdout":"\u001b[1;38;5;39mCOMET INFO:\u001b[0m     hyp|fliplr          : 0.5\n"},"type":"ws_msg"}
{"payload":{"local_timestamp":1715229944194,"message_id":359,"stderr":true,"stdout":"\u001b[1;38;5;39mCOMET INFO:\u001b[0m     hyp|flipud          : 0.0\n"},"type":"ws_msg"}
{"payload":{"local_timestamp":1715229944194,"message_id":360,"stderr":true,"stdout":"\u001b[1;38;5;39mCOMET INFO:\u001b[0m     hyp|hsv_h           : 0.015\n"},"type":"ws_msg"}
{"payload":{"local_timestamp":1715229944195,"message_id":361,"stderr":true,"stdout":"\u001b[1;38;5;39mCOMET INFO:\u001b[0m     hyp|hsv_s           : 0.7\n"},"type":"ws_msg"}
{"payload":{"local_timestamp":1715229944195,"message_id":362,"stderr":true,"stdout":"\u001b[1;38;5;39mCOMET INFO:\u001b[0m     hyp|hsv_v           : 0.4\n"},"type":"ws_msg"}
{"payload":{"local_timestamp":1715229944195,"message_id":363,"stderr":true,"stdout":"\u001b[1;38;5;39mCOMET INFO:\u001b[0m     hyp|iou_t           : 0.2\n"},"type":"ws_msg"}
{"payload":{"local_timestamp":1715229944195,"message_id":364,"stderr":true,"stdout":"\u001b[1;38;5;39mCOMET INFO:\u001b[0m     hyp|lr0             : 0.01\n"},"type":"ws_msg"}
{"payload":{"local_timestamp":1715229944195,"message_id":365,"stderr":true,"stdout":"\u001b[1;38;5;39mCOMET INFO:\u001b[0m     hyp|lrf             : 0.01\n"},"type":"ws_msg"}
{"payload":{"local_timestamp":1715229944196,"message_id":366,"stderr":true,"stdout":"\u001b[1;38;5;39mCOMET INFO:\u001b[0m     hyp|mixup           : 0.0\n"},"type":"ws_msg"}
{"payload":{"local_timestamp":1715229944196,"message_id":367,"stderr":true,"stdout":"\u001b[1;38;5;39mCOMET INFO:\u001b[0m     hyp|momentum        : 0.937\n"},"type":"ws_msg"}
{"payload":{"local_timestamp":1715229944196,"message_id":368,"stderr":true,"stdout":"\u001b[1;38;5;39mCOMET INFO:\u001b[0m     hyp|mosaic          : 1.0\n"},"type":"ws_msg"}
{"payload":{"local_timestamp":1715229944196,"message_id":369,"stderr":true,"stdout":"\u001b[1;38;5;39mCOMET INFO:\u001b[0m     hyp|obj             : 1.0\n"},"type":"ws_msg"}
{"payload":{"local_timestamp":1715229944196,"message_id":370,"stderr":true,"stdout":"\u001b[1;38;5;39mCOMET INFO:\u001b[0m     hyp|obj_pw          : 1.0\n"},"type":"ws_msg"}
{"payload":{"local_timestamp":1715229944196,"message_id":371,"stderr":true,"stdout":"\u001b[1;38;5;39mCOMET INFO:\u001b[0m     hyp|perspective     : 0.0\n"},"type":"ws_msg"}
{"payload":{"local_timestamp":1715229944196,"message_id":372,"stderr":true,"stdout":"\u001b[1;38;5;39mCOMET INFO:\u001b[0m     hyp|scale           : 0.5\n"},"type":"ws_msg"}
{"payload":{"local_timestamp":1715229944197,"message_id":373,"stderr":true,"stdout":"\u001b[1;38;5;39mCOMET INFO:\u001b[0m     hyp|shear           : 0.0\n"},"type":"ws_msg"}
{"payload":{"local_timestamp":1715229944197,"message_id":374,"stderr":true,"stdout":"\u001b[1;38;5;39mCOMET INFO:\u001b[0m     hyp|translate       : 0.1\n"},"type":"ws_msg"}
{"payload":{"local_timestamp":1715229944197,"message_id":375,"stderr":true,"stdout":"\u001b[1;38;5;39mCOMET INFO:\u001b[0m     hyp|warmup_bias_lr  : 0.1\n"},"type":"ws_msg"}
{"payload":{"local_timestamp":1715229944197,"message_id":376,"stderr":true,"stdout":"\u001b[1;38;5;39mCOMET INFO:\u001b[0m     hyp|warmup_epochs   : 3.0\n"},"type":"ws_msg"}
{"payload":{"local_timestamp":1715229944197,"message_id":377,"stderr":true,"stdout":"\u001b[1;38;5;39mCOMET INFO:\u001b[0m     hyp|warmup_momentum : 0.8\n"},"type":"ws_msg"}
{"payload":{"local_timestamp":1715229944197,"message_id":378,"stderr":true,"stdout":"\u001b[1;38;5;39mCOMET INFO:\u001b[0m     hyp|weight_decay    : 0.0005\n"},"type":"ws_msg"}
{"payload":{"local_timestamp":1715229944198,"message_id":379,"stderr":true,"stdout":"\u001b[1;38;5;39mCOMET INFO:\u001b[0m     image_weights       : False\n"},"type":"ws_msg"}
{"payload":{"local_timestamp":1715229944198,"message_id":380,"stderr":true,"stdout":"\u001b[1;38;5;39mCOMET INFO:\u001b[0m     imgsz               : 320\n"},"type":"ws_msg"}
{"payload":{"local_timestamp":1715229944198,"message_id":381,"stderr":true,"stdout":"\u001b[1;38;5;39mCOMET INFO:\u001b[0m     iou_t               : 0.2\n"},"type":"ws_msg"}
{"payload":{"local_timestamp":1715229944198,"message_id":382,"stderr":true,"stdout":"\u001b[1;38;5;39mCOMET INFO:\u001b[0m     label_smoothing     : 0.0\n"},"type":"ws_msg"}
{"payload":{"local_timestamp":1715229944198,"message_id":383,"stderr":true,"stdout":"\u001b[1;38;5;39mCOMET INFO:\u001b[0m     local_rank          : -1\n"},"type":"ws_msg"}
{"payload":{"local_timestamp":1715229944198,"message_id":384,"stderr":true,"stdout":"\u001b[1;38;5;39mCOMET INFO:\u001b[0m     lr0                 : 0.01\n"},"type":"ws_msg"}
{"payload":{"local_timestamp":1715229944198,"message_id":385,"stderr":true,"stdout":"\u001b[1;38;5;39mCOMET INFO:\u001b[0m     lrf                 : 0.01\n"},"type":"ws_msg"}
{"payload":{"local_timestamp":1715229944198,"message_id":386,"stderr":true,"stdout":"\u001b[1;38;5;39mCOMET INFO:\u001b[0m     mixup               : 0.0\n"},"type":"ws_msg"}
{"payload":{"local_timestamp":1715229944198,"message_id":387,"stderr":true,"stdout":"\u001b[1;38;5;39mCOMET INFO:\u001b[0m     momentum            : 0.937\n"},"type":"ws_msg"}
{"payload":{"local_timestamp":1715229944198,"message_id":388,"stderr":true,"stdout":"\u001b[1;38;5;39mCOMET INFO:\u001b[0m     mosaic              : 1.0\n"},"type":"ws_msg"}
{"payload":{"local_timestamp":1715229944199,"message_id":389,"stderr":true,"stdout":"\u001b[1;38;5;39mCOMET INFO:\u001b[0m     multi_scale         : False\n"},"type":"ws_msg"}
{"payload":{"local_timestamp":1715229944199,"message_id":390,"stderr":true,"stdout":"\u001b[1;38;5;39mCOMET INFO:\u001b[0m     name                : exp\n"},"type":"ws_msg"}
{"payload":{"local_timestamp":1715229944199,"message_id":391,"stderr":true,"stdout":"\u001b[1;38;5;39mCOMET INFO:\u001b[0m     ndjson_console      : False\n"},"type":"ws_msg"}
{"payload":{"local_timestamp":1715229944199,"message_id":392,"stderr":true,"stdout":"\u001b[1;38;5;39mCOMET INFO:\u001b[0m     ndjson_file         : False\n"},"type":"ws_msg"}
{"payload":{"local_timestamp":1715229944199,"message_id":393,"stderr":true,"stdout":"\u001b[1;38;5;39mCOMET INFO:\u001b[0m     noautoanchor        : False\n"},"type":"ws_msg"}
{"payload":{"local_timestamp":1715229944199,"message_id":394,"stderr":true,"stdout":"\u001b[1;38;5;39mCOMET INFO:\u001b[0m     noplots             : False\n"},"type":"ws_msg"}
{"payload":{"local_timestamp":1715229944199,"message_id":395,"stderr":true,"stdout":"\u001b[1;38;5;39mCOMET INFO:\u001b[0m     nosave              : False\n"},"type":"ws_msg"}
{"payload":{"local_timestamp":1715229944199,"message_id":396,"stderr":true,"stdout":"\u001b[1;38;5;39mCOMET INFO:\u001b[0m     noval               : False\n"},"type":"ws_msg"}
{"payload":{"local_timestamp":1715229944199,"message_id":397,"stderr":true,"stdout":"\u001b[1;38;5;39mCOMET INFO:\u001b[0m     obj                 : 1.0\n"},"type":"ws_msg"}
{"payload":{"local_timestamp":1715229944199,"message_id":398,"stderr":true,"stdout":"\u001b[1;38;5;39mCOMET INFO:\u001b[0m     obj_pw              : 1.0\n"},"type":"ws_msg"}
{"payload":{"local_timestamp":1715229944199,"message_id":399,"stderr":true,"stdout":"\u001b[1;38;5;39mCOMET INFO:\u001b[0m     optimizer           : SGD\n"},"type":"ws_msg"}
{"payload":{"local_timestamp":1715229944199,"message_id":400,"stderr":true,"stdout":"\u001b[1;38;5;39mCOMET INFO:\u001b[0m     patience            : 100\n"},"type":"ws_msg"}
{"payload":{"local_timestamp":1715229944200,"message_id":401,"stderr":true,"stdout":"\u001b[1;38;5;39mCOMET INFO:\u001b[0m     perspective         : 0.0\n"},"type":"ws_msg"}
{"payload":{"local_timestamp":1715229944200,"message_id":402,"stderr":true,"stdout":"\u001b[1;38;5;39mCOMET INFO:\u001b[0m     project             : runs/train\n"},"type":"ws_msg"}
{"payload":{"local_timestamp":1715229944200,"message_id":403,"stderr":true,"stdout":"\u001b[1;38;5;39mCOMET INFO:\u001b[0m     quad                : False\n"},"type":"ws_msg"}
{"payload":{"local_timestamp":1715229944200,"message_id":404,"stderr":true,"stdout":"\u001b[1;38;5;39mCOMET INFO:\u001b[0m     rect                : False\n"},"type":"ws_msg"}
{"payload":{"local_timestamp":1715229944200,"message_id":405,"stderr":true,"stdout":"\u001b[1;38;5;39mCOMET INFO:\u001b[0m     resume              : False\n"},"type":"ws_msg"}
{"payload":{"local_timestamp":1715229944200,"message_id":406,"stderr":true,"stdout":"\u001b[1;38;5;39mCOMET INFO:\u001b[0m     resume_evolve       : None\n"},"type":"ws_msg"}
{"payload":{"local_timestamp":1715229944200,"message_id":407,"stderr":true,"stdout":"\u001b[1;38;5;39mCOMET INFO:\u001b[0m     save_dir            : runs/train/exp11\n"},"type":"ws_msg"}
{"payload":{"local_timestamp":1715229944200,"message_id":408,"stderr":true,"stdout":"\u001b[1;38;5;39mCOMET INFO:\u001b[0m     save_period         : -1\n"},"type":"ws_msg"}
{"payload":{"local_timestamp":1715229944200,"message_id":409,"stderr":true,"stdout":"\u001b[1;38;5;39mCOMET INFO:\u001b[0m     scale               : 0.5\n"},"type":"ws_msg"}
{"payload":{"local_timestamp":1715229944200,"message_id":410,"stderr":true,"stdout":"\u001b[1;38;5;39mCOMET INFO:\u001b[0m     seed                : 0\n"},"type":"ws_msg"}
{"payload":{"local_timestamp":1715229944200,"message_id":411,"stderr":true,"stdout":"\u001b[1;38;5;39mCOMET INFO:\u001b[0m     shear               : 0.0\n"},"type":"ws_msg"}
{"payload":{"local_timestamp":1715229944201,"message_id":412,"stderr":true,"stdout":"\u001b[1;38;5;39mCOMET INFO:\u001b[0m     single_cls          : False\n"},"type":"ws_msg"}
{"payload":{"local_timestamp":1715229944201,"message_id":413,"stderr":true,"stdout":"\u001b[1;38;5;39mCOMET INFO:\u001b[0m     sync_bn             : False\n"},"type":"ws_msg"}
{"payload":{"local_timestamp":1715229944201,"message_id":414,"stderr":true,"stdout":"\u001b[1;38;5;39mCOMET INFO:\u001b[0m     translate           : 0.1\n"},"type":"ws_msg"}
{"payload":{"local_timestamp":1715229944201,"message_id":415,"stderr":true,"stdout":"\u001b[1;38;5;39mCOMET INFO:\u001b[0m     upload_dataset      : False\n"},"type":"ws_msg"}
{"payload":{"local_timestamp":1715229944201,"message_id":416,"stderr":true,"stdout":"\u001b[1;38;5;39mCOMET INFO:\u001b[0m     val_conf_threshold  : 0.001\n"},"type":"ws_msg"}
{"payload":{"local_timestamp":1715229944201,"message_id":417,"stderr":true,"stdout":"\u001b[1;38;5;39mCOMET INFO:\u001b[0m     val_iou_threshold   : 0.6\n"},"type":"ws_msg"}
{"payload":{"local_timestamp":1715229944201,"message_id":418,"stderr":true,"stdout":"\u001b[1;38;5;39mCOMET INFO:\u001b[0m     warmup_bias_lr      : 0.1\n"},"type":"ws_msg"}
{"payload":{"local_timestamp":1715229944201,"message_id":419,"stderr":true,"stdout":"\u001b[1;38;5;39mCOMET INFO:\u001b[0m     warmup_epochs       : 3.0\n"},"type":"ws_msg"}
{"payload":{"local_timestamp":1715229944201,"message_id":420,"stderr":true,"stdout":"\u001b[1;38;5;39mCOMET INFO:\u001b[0m     warmup_momentum     : 0.8\n"},"type":"ws_msg"}
{"payload":{"local_timestamp":1715229944201,"message_id":421,"stderr":true,"stdout":"\u001b[1;38;5;39mCOMET INFO:\u001b[0m     weight_decay        : 0.0005\n"},"type":"ws_msg"}
{"payload":{"local_timestamp":1715229944201,"message_id":422,"stderr":true,"stdout":"\u001b[1;38;5;39mCOMET INFO:\u001b[0m   Uploads:\n"},"type":"ws_msg"}
{"payload":{"local_timestamp":1715229944202,"message_id":423,"stderr":true,"stdout":"\u001b[1;38;5;39mCOMET INFO:\u001b[0m     asset                        : 3 (1.62 KB)\n"},"type":"ws_msg"}
{"payload":{"local_timestamp":1715229944202,"message_id":424,"stderr":true,"stdout":"\u001b[1;38;5;39mCOMET INFO:\u001b[0m     conda-environment-definition : 1\n"},"type":"ws_msg"}
{"payload":{"local_timestamp":1715229944202,"message_id":425,"stderr":true,"stdout":"\u001b[1;38;5;39mCOMET INFO:\u001b[0m     conda-info                   : 1\n"},"type":"ws_msg"}
{"payload":{"local_timestamp":1715229944202,"message_id":426,"stderr":true,"stdout":"\u001b[1;38;5;39mCOMET INFO:\u001b[0m     conda-specification          : 1\n"},"type":"ws_msg"}
{"payload":{"local_timestamp":1715229944202,"message_id":427,"stderr":true,"stdout":"\u001b[1;38;5;39mCOMET INFO:\u001b[0m     environment details          : 1\n"},"type":"ws_msg"}
{"payload":{"local_timestamp":1715229944202,"message_id":428,"stderr":true,"stdout":"\u001b[1;38;5;39mCOMET INFO:\u001b[0m     git metadata                 : 1\n"},"type":"ws_msg"}
{"payload":{"local_timestamp":1715229944202,"message_id":429,"stderr":true,"stdout":"\u001b[1;38;5;39mCOMET INFO:\u001b[0m     installed packages           : 1\n"},"type":"ws_msg"}
{"payload":{"local_timestamp":1715229944202,"message_id":430,"stderr":true,"stdout":"\u001b[1;38;5;39mCOMET INFO:\u001b[0m \n"},"type":"ws_msg"}
