{"payload":{"installed_packages":["asttokens==2.4.1","attrs==23.2.0","backcall==0.2.0","certifi==2024.2.2","charset-normalizer==3.3.2","colorama==0.4.6","comet-ml==3.41.0","comm==0.2.2","configobj==5.0.8","contourpy==1.1.1","cycler==0.12.1","debugpy==1.8.1","decorator==5.1.1","dulwich==0.22.1","everett==3.1.0","executing==2.0.1","fonttools==4.51.0","gitdb==4.0.11","gitpython==3.1.43","idna==3.7","importlib-metadata==7.1.0","importlib-resources==6.4.0","ipykernel==6.29.3","ipython==8.12.2","jedi==0.19.1","jsonschema==4.22.0","jsonschema-specifications==2023.12.1","jupyter-client==8.6.1","jupyter-core==5.7.2","kiwisolver==1.4.5","lxml==5.2.1","markdown-it-py==3.0.0","matplotlib==3.7.5","matplotlib-inline==0.1.7","mdurl==0.1.2","nest-asyncio==1.6.0","numpy==1.24.4","opencv-python==4.9.0.80","packaging==24.0","pandas==2.0.3","parso==0.8.4","pickleshare==0.7.5","pillow==10.3.0","pip==24.0","pkgutil-resolve-name==1.3.10","platformdirs==4.2.1","prompt-toolkit==3.0.42","psutil==5.9.8","pure-eval==0.2.2","py-cpuinfo==9.0.0","pygments==2.18.0","pyparsing==3.1.2","pyqt5==5.15.10","pyqt5-qt5==5.15.2","pyqt5-sip==12.13.0","python-box==6.1.0","python-dateutil==2.9.0","pytz==2024.1","pywin32==306","pyyaml==6.0.1","pyzmq==26.0.3","referencing==0.35.1","requests==2.31.0","requests-toolbelt==1.0.0","rich==13.7.1","rpds-py==0.18.1","scipy==1.10.1","seaborn==0.13.2","semantic-version==2.10.0","sentry-sdk==2.1.1","setuptools==69.5.1","simplejson==3.19.2","six==1.16.0","smmap==5.0.1","stack-data==0.6.2","thop==0.1.1.post2209072238","torch==1.10.0+cu113","torchaudio==0.10.0+cu113","torchvision==0.11.1+cu113","tornado==6.4","tqdm==4.66.4","traitlets==5.14.3","typing-extensions==4.11.0","tzdata==2024.1","ultralytics==8.2.12","urllib3==2.2.1","wcwidth==0.2.13","websocket-client==1.3.3","wheel==0.43.0","wrapt==1.16.0","wurlitzer==3.1.0","zipp==3.17.0"],"local_timestamp":1715421877294,"message_id":1},"type":"ws_msg"}
{"payload":{"env_details":{"command":["train.py","--img","320","--batch","16","--epochs","16","--data","dataset.yml","--weights","runs/train/exp15/weights/best.pt","--workers","4"],"env":null,"hostname":"CERBERUS","ip":"192.168.18.238","machine":"AMD64","os":"Windows-10-10.0.22631-SP0","os_release":"10","os_type":"Windows","pid":11952,"processor":"AMD64 Family 23 Model 113 Stepping 0, AuthenticAMD","python_exe":"h:\\Anaconda3\\envs\\yolov5\\python.exe","python_version":"3.8.19","python_version_verbose":"3.8.19 (default, Mar 20 2024, 19:55:45) [MSC v.1916 64 bit (AMD64)]","user":"arieb"},"local_timestamp":1715421877297,"message_id":2},"type":"ws_msg"}
{"payload":{"gpu_static_info":[{"gpu_index":0,"name":"NVIDIA GeForce RTX 2060 SUPER","power_limit":175000,"total_memory":8589934592,"uuid":"GPU-e3c64626-4c54-4b47-1a28-25bfeb082111"}],"local_timestamp":1715421877325,"message_id":3},"type":"ws_msg"}
{"payload":{"local_timestamp":1715421877325,"message_id":4,"metric":{"epoch":null,"metricName":"sys.gpu.0.total_memory","metricValue":8589934592,"step":null}},"type":"metric_msg"}
{"payload":{"local_timestamp":1715421877326,"message_id":5,"param":{"paramName":"img","paramValue":320,"source":"cli","step":null}},"type":"parameter_msg"}
{"payload":{"local_timestamp":1715421877326,"message_id":6,"param":{"paramName":"batch","paramValue":16,"source":"cli","step":null}},"type":"parameter_msg"}
{"payload":{"local_timestamp":1715421877327,"message_id":7,"param":{"paramName":"epochs","paramValue":16,"source":"cli","step":null}},"type":"parameter_msg"}
{"payload":{"local_timestamp":1715421877327,"message_id":8,"param":{"paramName":"data","paramValue":"dataset.yml","source":"cli","step":null}},"type":"parameter_msg"}
{"payload":{"local_timestamp":1715421877327,"message_id":9,"param":{"paramName":"weights","paramValue":"runs/train/exp15/weights/best.pt","source":"cli","step":null}},"type":"parameter_msg"}
{"payload":{"local_timestamp":1715421877327,"message_id":10,"param":{"paramName":"workers","paramValue":4,"source":"cli","step":null}},"type":"parameter_msg"}
{"payload":{"local_timestamp":1715421877327,"log_other":{"key":"offline_experiment","val":true},"message_id":11},"type":"ws_msg"}
{"payload":{"local_timestamp":1715421877327,"log_other":{"key":"Name","val":"exp"},"message_id":12},"type":"ws_msg"}
{"payload":{"additional_params":{"assetId":"e93cb61abf654e9daca03aa68e19a751","context":null,"extension":"yml","fileName":"dataset.yml","overwrite":false,"runId":null,"step":null},"clean":true,"file_path":"tmpucwuv704","local_timestamp":1715421877331,"message_id":13,"metadata":{"type":"data-config-file"},"upload_type":"asset"},"type":"file_upload"}
{"payload":{"local_timestamp":1715421877336,"message_id":14,"metric":{"epoch":null,"metricName":"sys.gpu.0.gpu_utilization","metricValue":9,"step":null}},"type":"metric_msg"}
{"payload":{"local_timestamp":1715421877336,"message_id":15,"metric":{"epoch":null,"metricName":"sys.gpu.0.power_usage","metricValue":28837,"step":null}},"type":"metric_msg"}
{"payload":{"local_timestamp":1715421877336,"message_id":16,"metric":{"epoch":null,"metricName":"sys.gpu.0.temperature","metricValue":43,"step":null}},"type":"metric_msg"}
{"payload":{"local_timestamp":1715421877336,"message_id":17,"metric":{"epoch":null,"metricName":"sys.gpu.0.memory_utilization","metricValue":4,"step":null}},"type":"metric_msg"}
{"payload":{"local_timestamp":1715421877336,"message_id":18,"metric":{"epoch":null,"metricName":"sys.gpu.0.free_memory","metricValue":7730163712,"step":null}},"type":"metric_msg"}
{"payload":{"local_timestamp":1715421877336,"message_id":19,"metric":{"epoch":null,"metricName":"sys.gpu.0.used_memory","metricValue":859770880,"step":null}},"type":"metric_msg"}
{"payload":{"local_timestamp":1715421877336,"message_id":20,"metric":{"epoch":null,"metricName":"sys.gpu.0.percent.used_memory","metricValue":10.009050369262695,"step":null}},"type":"metric_msg"}
{"payload":{"local_timestamp":1715421877338,"log_other":{"key":"Created from","val":"YOLOv5"},"message_id":21},"type":"ws_msg"}
{"payload":{"local_timestamp":1715421877339,"log_other":{"key":"hasNestedParams","val":true},"message_id":22},"type":"ws_msg"}
{"payload":{"local_timestamp":1715421877339,"message_id":23,"param":{"paramName":"artifact_alias","paramValue":"latest","source":"manual","step":null}},"type":"parameter_msg"}
{"payload":{"local_timestamp":1715421877339,"message_id":24,"param":{"paramName":"batch_size","paramValue":16,"source":"manual","step":null}},"type":"parameter_msg"}
{"payload":{"local_timestamp":1715421877339,"message_id":25,"param":{"paramName":"bbox_interval","paramValue":-1,"source":"manual","step":null}},"type":"parameter_msg"}
{"payload":{"local_timestamp":1715421877339,"message_id":26,"param":{"paramName":"bucket","paramValue":"","source":"manual","step":null}},"type":"parameter_msg"}
{"payload":{"local_timestamp":1715421877339,"message_id":27,"param":{"paramName":"cache","paramValue":null,"source":"manual","step":null}},"type":"parameter_msg"}
{"payload":{"local_timestamp":1715421877339,"message_id":28,"param":{"paramName":"cfg","paramValue":"","source":"manual","step":null}},"type":"parameter_msg"}
{"payload":{"local_timestamp":1715421877339,"message_id":29,"param":{"paramName":"cos_lr","paramValue":false,"source":"manual","step":null}},"type":"parameter_msg"}
{"payload":{"local_timestamp":1715421877339,"message_id":30,"param":{"paramName":"device","paramValue":"","source":"manual","step":null}},"type":"parameter_msg"}
{"payload":{"local_timestamp":1715421877339,"message_id":31,"param":{"paramName":"entity","paramValue":null,"source":"manual","step":null}},"type":"parameter_msg"}
{"payload":{"local_timestamp":1715421877339,"message_id":32,"param":{"paramName":"evolve","paramValue":null,"source":"manual","step":null}},"type":"parameter_msg"}
{"payload":{"local_timestamp":1715421877339,"message_id":33,"param":{"paramName":"evolve_population","paramValue":"data\\hyps","source":"manual","step":null}},"type":"parameter_msg"}
{"payload":{"local_timestamp":1715421877339,"message_id":34,"param":{"paramName":"exist_ok","paramValue":false,"source":"manual","step":null}},"type":"parameter_msg"}
{"payload":{"local_timestamp":1715421877339,"message_id":35,"params":{"paramName":"freeze","paramValue":[0],"source":"manual","step":null}},"type":"parameter_msg"}
{"payload":{"local_timestamp":1715421877339,"message_id":36,"param":{"paramName":"hyp|anchor_t","paramValue":4.0,"source":"manual","step":null}},"type":"parameter_msg"}
{"payload":{"local_timestamp":1715421877339,"message_id":37,"param":{"paramName":"hyp|box","paramValue":0.05,"source":"manual","step":null}},"type":"parameter_msg"}
{"payload":{"local_timestamp":1715421877339,"message_id":38,"param":{"paramName":"hyp|cls","paramValue":0.5,"source":"manual","step":null}},"type":"parameter_msg"}
{"payload":{"local_timestamp":1715421877339,"message_id":39,"param":{"paramName":"hyp|cls_pw","paramValue":1.0,"source":"manual","step":null}},"type":"parameter_msg"}
{"payload":{"local_timestamp":1715421877339,"message_id":40,"param":{"paramName":"hyp|copy_paste","paramValue":0.0,"source":"manual","step":null}},"type":"parameter_msg"}
{"payload":{"local_timestamp":1715421877339,"message_id":41,"param":{"paramName":"hyp|degrees","paramValue":0.0,"source":"manual","step":null}},"type":"parameter_msg"}
{"payload":{"local_timestamp":1715421877339,"message_id":42,"param":{"paramName":"hyp|fl_gamma","paramValue":0.0,"source":"manual","step":null}},"type":"parameter_msg"}
{"payload":{"local_timestamp":1715421877339,"message_id":43,"param":{"paramName":"hyp|fliplr","paramValue":0.5,"source":"manual","step":null}},"type":"parameter_msg"}
{"payload":{"local_timestamp":1715421877339,"message_id":44,"param":{"paramName":"hyp|flipud","paramValue":0.0,"source":"manual","step":null}},"type":"parameter_msg"}
{"payload":{"local_timestamp":1715421877340,"message_id":45,"param":{"paramName":"hyp|hsv_h","paramValue":0.015,"source":"manual","step":null}},"type":"parameter_msg"}
{"payload":{"local_timestamp":1715421877340,"message_id":46,"param":{"paramName":"hyp|hsv_s","paramValue":0.7,"source":"manual","step":null}},"type":"parameter_msg"}
{"payload":{"local_timestamp":1715421877340,"message_id":47,"param":{"paramName":"hyp|hsv_v","paramValue":0.4,"source":"manual","step":null}},"type":"parameter_msg"}
{"payload":{"local_timestamp":1715421877340,"message_id":48,"param":{"paramName":"hyp|iou_t","paramValue":0.2,"source":"manual","step":null}},"type":"parameter_msg"}
{"payload":{"local_timestamp":1715421877340,"message_id":49,"param":{"paramName":"hyp|lr0","paramValue":0.01,"source":"manual","step":null}},"type":"parameter_msg"}
{"payload":{"local_timestamp":1715421877340,"message_id":50,"param":{"paramName":"hyp|lrf","paramValue":0.01,"source":"manual","step":null}},"type":"parameter_msg"}
{"payload":{"local_timestamp":1715421877340,"message_id":51,"param":{"paramName":"hyp|mixup","paramValue":0.0,"source":"manual","step":null}},"type":"parameter_msg"}
{"payload":{"local_timestamp":1715421877340,"message_id":52,"param":{"paramName":"hyp|momentum","paramValue":0.937,"source":"manual","step":null}},"type":"parameter_msg"}
{"payload":{"local_timestamp":1715421877340,"message_id":53,"param":{"paramName":"hyp|mosaic","paramValue":1.0,"source":"manual","step":null}},"type":"parameter_msg"}
{"payload":{"local_timestamp":1715421877340,"message_id":54,"param":{"paramName":"hyp|obj","paramValue":1.0,"source":"manual","step":null}},"type":"parameter_msg"}
{"payload":{"local_timestamp":1715421877340,"message_id":55,"param":{"paramName":"hyp|obj_pw","paramValue":1.0,"source":"manual","step":null}},"type":"parameter_msg"}
{"payload":{"local_timestamp":1715421877340,"message_id":56,"param":{"paramName":"hyp|perspective","paramValue":0.0,"source":"manual","step":null}},"type":"parameter_msg"}
{"payload":{"local_timestamp":1715421877340,"message_id":57,"param":{"paramName":"hyp|scale","paramValue":0.5,"source":"manual","step":null}},"type":"parameter_msg"}
{"payload":{"local_timestamp":1715421877340,"message_id":58,"param":{"paramName":"hyp|shear","paramValue":0.0,"source":"manual","step":null}},"type":"parameter_msg"}
{"payload":{"local_timestamp":1715421877340,"message_id":59,"param":{"paramName":"hyp|translate","paramValue":0.1,"source":"manual","step":null}},"type":"parameter_msg"}
{"payload":{"local_timestamp":1715421877340,"message_id":60,"param":{"paramName":"hyp|warmup_bias_lr","paramValue":0.1,"source":"manual","step":null}},"type":"parameter_msg"}
{"payload":{"local_timestamp":1715421877340,"message_id":61,"param":{"paramName":"hyp|warmup_epochs","paramValue":3.0,"source":"manual","step":null}},"type":"parameter_msg"}
{"payload":{"local_timestamp":1715421877340,"message_id":62,"param":{"paramName":"hyp|warmup_momentum","paramValue":0.8,"source":"manual","step":null}},"type":"parameter_msg"}
{"payload":{"local_timestamp":1715421877340,"message_id":63,"param":{"paramName":"hyp|weight_decay","paramValue":0.0005,"source":"manual","step":null}},"type":"parameter_msg"}
{"payload":{"local_timestamp":1715421877340,"message_id":64,"param":{"paramName":"image_weights","paramValue":false,"source":"manual","step":null}},"type":"parameter_msg"}
{"payload":{"local_timestamp":1715421877340,"message_id":65,"param":{"paramName":"imgsz","paramValue":320,"source":"manual","step":null}},"type":"parameter_msg"}
{"payload":{"local_timestamp":1715421877340,"message_id":66,"param":{"paramName":"label_smoothing","paramValue":0.0,"source":"manual","step":null}},"type":"parameter_msg"}
{"payload":{"local_timestamp":1715421877340,"message_id":67,"param":{"paramName":"local_rank","paramValue":-1,"source":"manual","step":null}},"type":"parameter_msg"}
{"payload":{"local_timestamp":1715421877340,"message_id":68,"param":{"paramName":"multi_scale","paramValue":false,"source":"manual","step":null}},"type":"parameter_msg"}
{"payload":{"local_timestamp":1715421877340,"message_id":69,"param":{"paramName":"name","paramValue":"exp","source":"manual","step":null}},"type":"parameter_msg"}
{"payload":{"local_timestamp":1715421877340,"message_id":70,"param":{"paramName":"ndjson_console","paramValue":false,"source":"manual","step":null}},"type":"parameter_msg"}
{"payload":{"local_timestamp":1715421877340,"message_id":71,"param":{"paramName":"ndjson_file","paramValue":false,"source":"manual","step":null}},"type":"parameter_msg"}
{"payload":{"local_timestamp":1715421877340,"message_id":72,"param":{"paramName":"noautoanchor","paramValue":false,"source":"manual","step":null}},"type":"parameter_msg"}
{"payload":{"local_timestamp":1715421877340,"message_id":73,"param":{"paramName":"noplots","paramValue":false,"source":"manual","step":null}},"type":"parameter_msg"}
{"payload":{"local_timestamp":1715421877340,"message_id":74,"param":{"paramName":"nosave","paramValue":false,"source":"manual","step":null}},"type":"parameter_msg"}
{"payload":{"local_timestamp":1715421877340,"message_id":75,"param":{"paramName":"noval","paramValue":false,"source":"manual","step":null}},"type":"parameter_msg"}
{"payload":{"local_timestamp":1715421877340,"message_id":76,"param":{"paramName":"optimizer","paramValue":"SGD","source":"manual","step":null}},"type":"parameter_msg"}
{"payload":{"local_timestamp":1715421877340,"message_id":77,"param":{"paramName":"patience","paramValue":100,"source":"manual","step":null}},"type":"parameter_msg"}
{"payload":{"local_timestamp":1715421877340,"message_id":78,"param":{"paramName":"project","paramValue":"runs\\train","source":"manual","step":null}},"type":"parameter_msg"}
{"payload":{"local_timestamp":1715421877340,"message_id":79,"param":{"paramName":"quad","paramValue":false,"source":"manual","step":null}},"type":"parameter_msg"}
{"payload":{"local_timestamp":1715421877340,"message_id":80,"param":{"paramName":"rect","paramValue":false,"source":"manual","step":null}},"type":"parameter_msg"}
{"payload":{"local_timestamp":1715421877340,"message_id":81,"param":{"paramName":"resume","paramValue":false,"source":"manual","step":null}},"type":"parameter_msg"}
{"payload":{"local_timestamp":1715421877340,"message_id":82,"param":{"paramName":"resume_evolve","paramValue":null,"source":"manual","step":null}},"type":"parameter_msg"}
{"payload":{"local_timestamp":1715421877340,"message_id":83,"param":{"paramName":"save_dir","paramValue":"runs\\train\\exp33","source":"manual","step":null}},"type":"parameter_msg"}
{"payload":{"local_timestamp":1715421877340,"message_id":84,"param":{"paramName":"save_period","paramValue":-1,"source":"manual","step":null}},"type":"parameter_msg"}
{"payload":{"local_timestamp":1715421877340,"message_id":85,"param":{"paramName":"seed","paramValue":0,"source":"manual","step":null}},"type":"parameter_msg"}
{"payload":{"local_timestamp":1715421877340,"message_id":86,"param":{"paramName":"single_cls","paramValue":false,"source":"manual","step":null}},"type":"parameter_msg"}
{"payload":{"local_timestamp":1715421877340,"message_id":87,"param":{"paramName":"sync_bn","paramValue":false,"source":"manual","step":null}},"type":"parameter_msg"}
{"payload":{"local_timestamp":1715421877340,"message_id":88,"param":{"paramName":"upload_dataset","paramValue":false,"source":"manual","step":null}},"type":"parameter_msg"}
{"payload":{"local_timestamp":1715421877340,"message_id":89,"param":{"paramName":"anchor_t","paramValue":4.0,"source":"manual","step":null}},"type":"parameter_msg"}
{"payload":{"local_timestamp":1715421877340,"message_id":90,"param":{"paramName":"box","paramValue":0.05,"source":"manual","step":null}},"type":"parameter_msg"}
{"payload":{"local_timestamp":1715421877340,"message_id":91,"param":{"paramName":"cls","paramValue":0.5,"source":"manual","step":null}},"type":"parameter_msg"}
{"payload":{"local_timestamp":1715421877340,"message_id":92,"param":{"paramName":"cls_pw","paramValue":1.0,"source":"manual","step":null}},"type":"parameter_msg"}
{"payload":{"local_timestamp":1715421877340,"message_id":93,"param":{"paramName":"copy_paste","paramValue":0.0,"source":"manual","step":null}},"type":"parameter_msg"}
{"payload":{"local_timestamp":1715421877341,"message_id":94,"param":{"paramName":"degrees","paramValue":0.0,"source":"manual","step":null}},"type":"parameter_msg"}
{"payload":{"local_timestamp":1715421877341,"message_id":95,"param":{"paramName":"fl_gamma","paramValue":0.0,"source":"manual","step":null}},"type":"parameter_msg"}
{"payload":{"local_timestamp":1715421877341,"message_id":96,"param":{"paramName":"fliplr","paramValue":0.5,"source":"manual","step":null}},"type":"parameter_msg"}
{"payload":{"local_timestamp":1715421877341,"message_id":97,"param":{"paramName":"flipud","paramValue":0.0,"source":"manual","step":null}},"type":"parameter_msg"}
{"payload":{"local_timestamp":1715421877341,"message_id":98,"param":{"paramName":"hsv_h","paramValue":0.015,"source":"manual","step":null}},"type":"parameter_msg"}
{"payload":{"local_timestamp":1715421877341,"message_id":99,"param":{"paramName":"hsv_s","paramValue":0.7,"source":"manual","step":null}},"type":"parameter_msg"}
{"payload":{"local_timestamp":1715421877341,"message_id":100,"param":{"paramName":"hsv_v","paramValue":0.4,"source":"manual","step":null}},"type":"parameter_msg"}
{"payload":{"local_timestamp":1715421877341,"message_id":101,"param":{"paramName":"iou_t","paramValue":0.2,"source":"manual","step":null}},"type":"parameter_msg"}
{"payload":{"local_timestamp":1715421877341,"message_id":102,"param":{"paramName":"lr0","paramValue":0.01,"source":"manual","step":null}},"type":"parameter_msg"}
{"payload":{"local_timestamp":1715421877341,"message_id":103,"param":{"paramName":"lrf","paramValue":0.01,"source":"manual","step":null}},"type":"parameter_msg"}
{"payload":{"local_timestamp":1715421877341,"message_id":104,"param":{"paramName":"mixup","paramValue":0.0,"source":"manual","step":null}},"type":"parameter_msg"}
{"payload":{"local_timestamp":1715421877341,"message_id":105,"param":{"paramName":"momentum","paramValue":0.937,"source":"manual","step":null}},"type":"parameter_msg"}
{"payload":{"local_timestamp":1715421877341,"message_id":106,"param":{"paramName":"mosaic","paramValue":1.0,"source":"manual","step":null}},"type":"parameter_msg"}
{"payload":{"local_timestamp":1715421877341,"message_id":107,"param":{"paramName":"obj","paramValue":1.0,"source":"manual","step":null}},"type":"parameter_msg"}
{"payload":{"local_timestamp":1715421877341,"message_id":108,"param":{"paramName":"obj_pw","paramValue":1.0,"source":"manual","step":null}},"type":"parameter_msg"}
{"payload":{"local_timestamp":1715421877341,"message_id":109,"param":{"paramName":"perspective","paramValue":0.0,"source":"manual","step":null}},"type":"parameter_msg"}
{"payload":{"local_timestamp":1715421877341,"message_id":110,"param":{"paramName":"scale","paramValue":0.5,"source":"manual","step":null}},"type":"parameter_msg"}
{"payload":{"local_timestamp":1715421877341,"message_id":111,"param":{"paramName":"shear","paramValue":0.0,"source":"manual","step":null}},"type":"parameter_msg"}
{"payload":{"local_timestamp":1715421877341,"message_id":112,"param":{"paramName":"translate","paramValue":0.1,"source":"manual","step":null}},"type":"parameter_msg"}
{"payload":{"local_timestamp":1715421877341,"message_id":113,"param":{"paramName":"warmup_bias_lr","paramValue":0.1,"source":"manual","step":null}},"type":"parameter_msg"}
{"payload":{"local_timestamp":1715421877341,"message_id":114,"param":{"paramName":"warmup_epochs","paramValue":3.0,"source":"manual","step":null}},"type":"parameter_msg"}
{"payload":{"local_timestamp":1715421877341,"message_id":115,"param":{"paramName":"warmup_momentum","paramValue":0.8,"source":"manual","step":null}},"type":"parameter_msg"}
{"payload":{"local_timestamp":1715421877341,"message_id":116,"param":{"paramName":"weight_decay","paramValue":0.0005,"source":"manual","step":null}},"type":"parameter_msg"}
{"payload":{"additional_params":{"assetId":"2bdb305a50e84430aa371f8855309151","context":null,"epoch":null,"extension":"json","fileName":"hyperparameters.json","overwrite":false,"runId":null,"step":null},"clean":true,"file_path":"tmpbbsxhd1u","local_timestamp":1715421877356,"message_id":117,"metadata":{"type":"hyp-config-file"},"upload_type":"asset"},"type":"file_upload"}
{"payload":{"additional_params":{"assetId":"33cefba175e04fb9a884ad85fc7d2a75","context":null,"extension":"yaml","fileName":"opt.yaml","overwrite":false,"runId":null,"step":null},"clean":true,"file_path":"tmp35guq6pv","local_timestamp":1715421877350,"message_id":118,"metadata":{"type":"opt-config-file"},"upload_type":"asset"},"type":"file_upload"}
{"payload":{"local_timestamp":1715421877350,"message_id":119,"param":{"paramName":"val_conf_threshold","paramValue":0.001,"source":"manual","step":null}},"type":"parameter_msg"}
{"payload":{"local_timestamp":1715421877350,"message_id":120,"param":{"paramName":"val_iou_threshold","paramValue":0.6,"source":"manual","step":null}},"type":"parameter_msg"}
{"payload":{"local_timestamp":1715421877350,"log_other":{"key":"comet_mode","val":"online"},"message_id":121},"type":"ws_msg"}
{"payload":{"local_timestamp":1715421877350,"log_other":{"key":"comet_max_image_uploads","val":100},"message_id":122},"type":"ws_msg"}
{"payload":{"local_timestamp":1715421877350,"log_other":{"key":"comet_log_per_class_metrics","val":false},"message_id":123},"type":"ws_msg"}
{"payload":{"local_timestamp":1715421877350,"log_other":{"key":"comet_log_batch_metrics","val":false},"message_id":124},"type":"ws_msg"}
{"payload":{"local_timestamp":1715421877350,"log_other":{"key":"comet_log_confusion_matrix","val":true},"message_id":125},"type":"ws_msg"}
{"payload":{"local_timestamp":1715421877350,"log_other":{"key":"comet_model_name","val":"yolov5"},"message_id":126},"type":"ws_msg"}
{"payload":{"local_timestamp":1715421877399,"message_id":127,"stderr":true,"stdout":"Traceback (most recent call last):\n"},"type":"ws_msg"}
{"payload":{"local_timestamp":1715421877399,"message_id":128,"stderr":true,"stdout":"  File \"train.py\", line 848, in <module>\n"},"type":"ws_msg"}
{"payload":{"local_timestamp":1715421877400,"message_id":129,"stderr":true,"stdout":"    "},"type":"ws_msg"}
{"payload":{"local_timestamp":1715421877400,"message_id":130,"stderr":true,"stdout":"main(opt)"},"type":"ws_msg"}
{"payload":{"local_timestamp":1715421877400,"message_id":131,"stderr":true,"stdout":"\n"},"type":"ws_msg"}
{"payload":{"local_timestamp":1715421877400,"message_id":132,"stderr":true,"stdout":"  File \"train.py\", line 623, in main\n"},"type":"ws_msg"}
{"payload":{"local_timestamp":1715421877401,"message_id":133,"stderr":true,"stdout":"    "},"type":"ws_msg"}
{"payload":{"local_timestamp":1715421877401,"message_id":134,"stderr":true,"stdout":"train(opt.hyp, opt, device, callbacks)"},"type":"ws_msg"}
{"payload":{"local_timestamp":1715421877401,"message_id":135,"stderr":true,"stdout":"\n"},"type":"ws_msg"}
{"payload":{"local_timestamp":1715421877401,"message_id":136,"stderr":true,"stdout":"  File \"train.py\", line 188, in train\n"},"type":"ws_msg"}
{"payload":{"local_timestamp":1715421877401,"message_id":137,"stderr":true,"stdout":"    "},"type":"ws_msg"}
{"payload":{"local_timestamp":1715421877402,"message_id":138,"stderr":true,"stdout":"ckpt = torch.load(weights, map_location=\"cpu\")  # load checkpoint to CPU to avoid CUDA memory leak"},"type":"ws_msg"}
{"payload":{"local_timestamp":1715421877402,"message_id":139,"stderr":true,"stdout":"\n"},"type":"ws_msg"}
{"payload":{"local_timestamp":1715421877402,"message_id":140,"stderr":true,"stdout":"  File \"h:\\Anaconda3\\envs\\yolov5\\lib\\site-packages\\torch\\serialization.py\", line 607, in load\n"},"type":"ws_msg"}
{"payload":{"local_timestamp":1715421877403,"message_id":141,"stderr":true,"stdout":"    "},"type":"ws_msg"}
{"payload":{"local_timestamp":1715421877403,"message_id":142,"stderr":true,"stdout":"return _load(opened_zipfile, map_location, pickle_module, **pickle_load_args)"},"type":"ws_msg"}
{"payload":{"local_timestamp":1715421877403,"message_id":143,"stderr":true,"stdout":"\n"},"type":"ws_msg"}
{"payload":{"local_timestamp":1715421877403,"message_id":144,"stderr":true,"stdout":"  File \"h:\\Anaconda3\\envs\\yolov5\\lib\\site-packages\\torch\\serialization.py\", line 882, in _load\n"},"type":"ws_msg"}
{"payload":{"local_timestamp":1715421877404,"message_id":145,"stderr":true,"stdout":"    "},"type":"ws_msg"}
{"payload":{"local_timestamp":1715421877404,"message_id":146,"stderr":true,"stdout":"result = unpickler.load()"},"type":"ws_msg"}
{"payload":{"local_timestamp":1715421877404,"message_id":147,"stderr":true,"stdout":"\n"},"type":"ws_msg"}
{"payload":{"local_timestamp":1715421877404,"message_id":148,"stderr":true,"stdout":"  File \"h:\\Anaconda3\\envs\\yolov5\\lib\\pathlib.py\", line 1044, in __new__\n"},"type":"ws_msg"}
{"payload":{"local_timestamp":1715421877405,"message_id":149,"stderr":true,"stdout":"    "},"type":"ws_msg"}
{"payload":{"local_timestamp":1715421877405,"message_id":150,"stderr":true,"stdout":"raise NotImplementedError(\"cannot instantiate %r on your system\""},"type":"ws_msg"}
{"payload":{"local_timestamp":1715421877406,"message_id":151,"stderr":true,"stdout":"\n"},"type":"ws_msg"}
{"payload":{"local_timestamp":1715421877406,"message_id":152,"stderr":true,"stdout":"NotImplementedError"},"type":"ws_msg"}
{"payload":{"local_timestamp":1715421877406,"message_id":153,"stderr":true,"stdout":": "},"type":"ws_msg"}
{"payload":{"local_timestamp":1715421877406,"message_id":154,"stderr":true,"stdout":"cannot instantiate 'PosixPath' on your system"},"type":"ws_msg"}
{"payload":{"local_timestamp":1715421877406,"message_id":155,"stderr":true,"stdout":"\n"},"type":"ws_msg"}
{"payload":{"local_timestamp":1715421877679,"message_id":156,"metric":{"epoch":null,"metricName":"sys.cpu.percent.avg","metricValue":0.0,"step":null}},"type":"metric_msg"}
{"payload":{"local_timestamp":1715421877679,"message_id":157,"metric":{"epoch":null,"metricName":"sys.ram.total","metricValue":17126420480,"step":null}},"type":"metric_msg"}
{"payload":{"local_timestamp":1715421877679,"message_id":158,"metric":{"epoch":null,"metricName":"sys.ram.used","metricValue":8708988928,"step":null}},"type":"metric_msg"}
{"payload":{"local_timestamp":1715421877679,"message_id":159,"metric":{"epoch":null,"metricName":"sys.ram.available","metricValue":8417431552,"step":null}},"type":"metric_msg"}
{"payload":{"local_timestamp":1715421877679,"message_id":160,"metric":{"epoch":null,"metricName":"sys.ram.percent.used","metricValue":50.9,"step":null}},"type":"metric_msg"}
{"payload":{"local_timestamp":1715421877679,"message_id":161,"metric":{"epoch":null,"metricName":"sys.load.avg","metricValue":0.0,"step":null}},"type":"metric_msg"}
{"payload":{"git_meta":{"branch":"refs/heads/master","origin":"https://github.com/ultralytics/yolov5","parent":"920c721ea77315291f987ea5b911be7fb619d134","repo_name":"yolov5","root":"1e84a23f38fad9e52b59101e9f1246d93066ed1e","status":null,"user":"Arie Brainware"},"local_timestamp":1715421877954,"message_id":162},"type":"ws_msg"}
{"payload":{"additional_params":{"assetId":"f9cc5a04fcba4475bbed99df114f9ebb","context":null,"epoch":null,"extension":"yml","fileName":"conda-environment.yml","overwrite":false,"runId":null,"step":null,"type":"conda-environment-definition"},"clean":true,"file_path":"tmpzx80i83m","local_timestamp":1715421879863,"message_id":163,"metadata":{},"upload_type":"conda-environment-definition"},"type":"file_upload"}
{"payload":{"additional_params":{"assetId":"7cb2a4f0644344fd89738f6b371693d0","context":null,"epoch":null,"extension":"txt","fileName":"conda-spec.txt","overwrite":false,"runId":null,"step":null,"type":"conda-specification"},"clean":true,"file_path":"tmpt6dl3hac","local_timestamp":1715421880798,"message_id":164,"metadata":{},"upload_type":"conda-specification"},"type":"file_upload"}
{"payload":{"additional_params":{"assetId":"77b1d8be7cd241789f77e76d8b8b5859","context":null,"epoch":null,"extension":"yml","fileName":"conda-info.yml","overwrite":false,"runId":null,"step":null,"type":"conda-info"},"clean":true,"file_path":"tmpajbv51r9","local_timestamp":1715421881824,"message_id":165,"metadata":{},"upload_type":"conda-info"},"type":"file_upload"}
{"payload":{"local_timestamp":1715421881823,"message_id":166,"stderr":true,"stdout":"COMET INFO: ---------------------------------------------------------------------------------------\n"},"type":"ws_msg"}
{"payload":{"local_timestamp":1715421881823,"message_id":167,"stderr":true,"stdout":"COMET INFO: Comet.ml OfflineExperiment Summary\n"},"type":"ws_msg"}
{"payload":{"local_timestamp":1715421881823,"message_id":168,"stderr":true,"stdout":"COMET INFO: ---------------------------------------------------------------------------------------\n"},"type":"ws_msg"}
{"payload":{"local_timestamp":1715421881823,"message_id":169,"stderr":true,"stdout":"COMET INFO:   Data:\n"},"type":"ws_msg"}
{"payload":{"local_timestamp":1715421881823,"message_id":170,"stderr":true,"stdout":"COMET INFO:     display_summary_level : 1\n"},"type":"ws_msg"}
{"payload":{"local_timestamp":1715421881823,"message_id":171,"stderr":true,"stdout":"COMET INFO:     name                  : exp\n"},"type":"ws_msg"}
{"payload":{"local_timestamp":1715421881823,"message_id":172,"stderr":true,"stdout":"COMET INFO:     url                   : [OfflineExperiment will get URL after upload]\n"},"type":"ws_msg"}
{"payload":{"local_timestamp":1715421881824,"message_id":173,"stderr":true,"stdout":"COMET INFO:   Others:\n"},"type":"ws_msg"}
{"payload":{"local_timestamp":1715421881824,"message_id":174,"stderr":true,"stdout":"COMET INFO:     Created from                : YOLOv5\n"},"type":"ws_msg"}
{"payload":{"local_timestamp":1715421881824,"message_id":175,"stderr":true,"stdout":"COMET INFO:     Name                        : exp\n"},"type":"ws_msg"}
{"payload":{"local_timestamp":1715421881824,"message_id":176,"stderr":true,"stdout":"COMET INFO:     comet_log_batch_metrics     : False\n"},"type":"ws_msg"}
{"payload":{"local_timestamp":1715421881824,"message_id":177,"stderr":true,"stdout":"COMET INFO:     comet_log_confusion_matrix  : True\n"},"type":"ws_msg"}
{"payload":{"local_timestamp":1715421881824,"message_id":178,"stderr":true,"stdout":"COMET INFO:     comet_log_per_class_metrics : False\n"},"type":"ws_msg"}
{"payload":{"local_timestamp":1715421881824,"message_id":179,"stderr":true,"stdout":"COMET INFO:     comet_max_image_uploads     : 100\n"},"type":"ws_msg"}
{"payload":{"local_timestamp":1715421881825,"message_id":180,"stderr":true,"stdout":"COMET INFO:     comet_mode                  : online\n"},"type":"ws_msg"}
{"payload":{"local_timestamp":1715421881825,"message_id":181,"stderr":true,"stdout":"COMET INFO:     comet_model_name            : yolov5\n"},"type":"ws_msg"}
{"payload":{"local_timestamp":1715421881825,"message_id":182,"stderr":true,"stdout":"COMET INFO:     hasNestedParams             : True\n"},"type":"ws_msg"}
{"payload":{"local_timestamp":1715421881825,"message_id":183,"stderr":true,"stdout":"COMET INFO:     offline_experiment          : True\n"},"type":"ws_msg"}
{"payload":{"local_timestamp":1715421881825,"message_id":184,"stderr":true,"stdout":"COMET INFO:   Parameters:\n"},"type":"ws_msg"}
{"payload":{"local_timestamp":1715421881825,"message_id":185,"stderr":true,"stdout":"COMET INFO:     anchor_t            : 4.0\n"},"type":"ws_msg"}
{"payload":{"local_timestamp":1715421881825,"message_id":186,"stderr":true,"stdout":"COMET INFO:     artifact_alias      : latest\n"},"type":"ws_msg"}
{"payload":{"local_timestamp":1715421881825,"message_id":187,"stderr":true,"stdout":"COMET INFO:     batch_size          : 16\n"},"type":"ws_msg"}
{"payload":{"local_timestamp":1715421881826,"message_id":188,"stderr":true,"stdout":"COMET INFO:     bbox_interval       : -1\n"},"type":"ws_msg"}
{"payload":{"local_timestamp":1715421881826,"message_id":189,"stderr":true,"stdout":"COMET INFO:     box                 : 0.05\n"},"type":"ws_msg"}
{"payload":{"local_timestamp":1715421881826,"message_id":190,"stderr":true,"stdout":"COMET INFO:     bucket              : \n"},"type":"ws_msg"}
{"payload":{"local_timestamp":1715421881826,"message_id":191,"stderr":true,"stdout":"COMET INFO:     cache               : None\n"},"type":"ws_msg"}
{"payload":{"local_timestamp":1715421881826,"message_id":192,"stderr":true,"stdout":"COMET INFO:     cfg                 : \n"},"type":"ws_msg"}
{"payload":{"local_timestamp":1715421881826,"message_id":193,"stderr":true,"stdout":"COMET INFO:     cls                 : 0.5\n"},"type":"ws_msg"}
{"payload":{"local_timestamp":1715421881826,"message_id":194,"stderr":true,"stdout":"COMET INFO:     cls_pw              : 1.0\n"},"type":"ws_msg"}
{"payload":{"local_timestamp":1715421881827,"message_id":195,"stderr":true,"stdout":"COMET INFO:     copy_paste          : 0.0\n"},"type":"ws_msg"}
{"payload":{"local_timestamp":1715421881827,"message_id":196,"stderr":true,"stdout":"COMET INFO:     cos_lr              : False\n"},"type":"ws_msg"}
{"payload":{"local_timestamp":1715421881827,"message_id":197,"stderr":true,"stdout":"COMET INFO:     degrees             : 0.0\n"},"type":"ws_msg"}
{"payload":{"local_timestamp":1715421881827,"message_id":198,"stderr":true,"stdout":"COMET INFO:     device              : \n"},"type":"ws_msg"}
{"payload":{"local_timestamp":1715421881827,"message_id":199,"stderr":true,"stdout":"COMET INFO:     entity              : None\n"},"type":"ws_msg"}
{"payload":{"local_timestamp":1715421881827,"message_id":200,"stderr":true,"stdout":"COMET INFO:     evolve              : None\n"},"type":"ws_msg"}
{"payload":{"local_timestamp":1715421881828,"message_id":201,"stderr":true,"stdout":"COMET INFO:     evolve_population   : data\\hyps\n"},"type":"ws_msg"}
{"payload":{"local_timestamp":1715421881828,"message_id":202,"stderr":true,"stdout":"COMET INFO:     exist_ok            : False\n"},"type":"ws_msg"}
{"payload":{"local_timestamp":1715421881828,"message_id":203,"stderr":true,"stdout":"COMET INFO:     fl_gamma            : 0.0\n"},"type":"ws_msg"}
{"payload":{"local_timestamp":1715421881828,"message_id":204,"stderr":true,"stdout":"COMET INFO:     fliplr              : 0.5\n"},"type":"ws_msg"}
{"payload":{"local_timestamp":1715421881828,"message_id":205,"stderr":true,"stdout":"COMET INFO:     flipud              : 0.0\n"},"type":"ws_msg"}
{"payload":{"local_timestamp":1715421881828,"message_id":206,"stderr":true,"stdout":"COMET INFO:     freeze              : [0]\n"},"type":"ws_msg"}
{"payload":{"local_timestamp":1715421881828,"message_id":207,"stderr":true,"stdout":"COMET INFO:     hsv_h               : 0.015\n"},"type":"ws_msg"}
{"payload":{"local_timestamp":1715421881828,"message_id":208,"stderr":true,"stdout":"COMET INFO:     hsv_s               : 0.7\n"},"type":"ws_msg"}
{"payload":{"local_timestamp":1715421881830,"message_id":209,"stderr":true,"stdout":"COMET INFO:     hsv_v               : 0.4\n"},"type":"ws_msg"}
{"payload":{"local_timestamp":1715421881830,"message_id":210,"stderr":true,"stdout":"COMET INFO:     hyp|anchor_t        : 4.0\n"},"type":"ws_msg"}
{"payload":{"local_timestamp":1715421881830,"message_id":211,"stderr":true,"stdout":"COMET INFO:     hyp|box             : 0.05\n"},"type":"ws_msg"}
{"payload":{"local_timestamp":1715421881830,"message_id":212,"stderr":true,"stdout":"COMET INFO:     hyp|cls             : 0.5\n"},"type":"ws_msg"}
{"payload":{"local_timestamp":1715421881830,"message_id":213,"stderr":true,"stdout":"COMET INFO:     hyp|cls_pw          : 1.0\n"},"type":"ws_msg"}
{"payload":{"local_timestamp":1715421881830,"message_id":214,"stderr":true,"stdout":"COMET INFO:     hyp|copy_paste      : 0.0\n"},"type":"ws_msg"}
{"payload":{"local_timestamp":1715421881830,"message_id":215,"stderr":true,"stdout":"COMET INFO:     hyp|degrees         : 0.0\n"},"type":"ws_msg"}
{"payload":{"local_timestamp":1715421881830,"message_id":216,"stderr":true,"stdout":"COMET INFO:     hyp|fl_gamma        : 0.0\n"},"type":"ws_msg"}
{"payload":{"local_timestamp":1715421881830,"message_id":217,"stderr":true,"stdout":"COMET INFO:     hyp|fliplr          : 0.5\n"},"type":"ws_msg"}
{"payload":{"local_timestamp":1715421881831,"message_id":218,"stderr":true,"stdout":"COMET INFO:     hyp|flipud          : 0.0\n"},"type":"ws_msg"}
{"payload":{"local_timestamp":1715421881831,"message_id":219,"stderr":true,"stdout":"COMET INFO:     hyp|hsv_h           : 0.015\n"},"type":"ws_msg"}
{"payload":{"local_timestamp":1715421881831,"message_id":220,"stderr":true,"stdout":"COMET INFO:     hyp|hsv_s           : 0.7\n"},"type":"ws_msg"}
{"payload":{"local_timestamp":1715421881831,"message_id":221,"stderr":true,"stdout":"COMET INFO:     hyp|hsv_v           : 0.4\n"},"type":"ws_msg"}
{"payload":{"local_timestamp":1715421881831,"message_id":222,"stderr":true,"stdout":"COMET INFO:     hyp|iou_t           : 0.2\n"},"type":"ws_msg"}
{"payload":{"local_timestamp":1715421881831,"message_id":223,"stderr":true,"stdout":"COMET INFO:     hyp|lr0             : 0.01\n"},"type":"ws_msg"}
{"payload":{"local_timestamp":1715421881831,"message_id":224,"stderr":true,"stdout":"COMET INFO:     hyp|lrf             : 0.01\n"},"type":"ws_msg"}
{"payload":{"local_timestamp":1715421881831,"message_id":225,"stderr":true,"stdout":"COMET INFO:     hyp|mixup           : 0.0\n"},"type":"ws_msg"}
{"payload":{"local_timestamp":1715421881831,"message_id":226,"stderr":true,"stdout":"COMET INFO:     hyp|momentum        : 0.937\n"},"type":"ws_msg"}
{"payload":{"local_timestamp":1715421881832,"message_id":227,"stderr":true,"stdout":"COMET INFO:     hyp|mosaic          : 1.0\n"},"type":"ws_msg"}
{"payload":{"local_timestamp":1715421881832,"message_id":228,"stderr":true,"stdout":"COMET INFO:     hyp|obj             : 1.0\n"},"type":"ws_msg"}
{"payload":{"local_timestamp":1715421881832,"message_id":229,"stderr":true,"stdout":"COMET INFO:     hyp|obj_pw          : 1.0\n"},"type":"ws_msg"}
{"payload":{"local_timestamp":1715421881832,"message_id":230,"stderr":true,"stdout":"COMET INFO:     hyp|perspective     : 0.0\n"},"type":"ws_msg"}
{"payload":{"local_timestamp":1715421881832,"message_id":231,"stderr":true,"stdout":"COMET INFO:     hyp|scale           : 0.5\n"},"type":"ws_msg"}
{"payload":{"local_timestamp":1715421881832,"message_id":232,"stderr":true,"stdout":"COMET INFO:     hyp|shear           : 0.0\n"},"type":"ws_msg"}
{"payload":{"local_timestamp":1715421881832,"message_id":233,"stderr":true,"stdout":"COMET INFO:     hyp|translate       : 0.1\n"},"type":"ws_msg"}
{"payload":{"local_timestamp":1715421881832,"message_id":234,"stderr":true,"stdout":"COMET INFO:     hyp|warmup_bias_lr  : 0.1\n"},"type":"ws_msg"}
{"payload":{"local_timestamp":1715421881832,"message_id":235,"stderr":true,"stdout":"COMET INFO:     hyp|warmup_epochs   : 3.0\n"},"type":"ws_msg"}
{"payload":{"local_timestamp":1715421881833,"message_id":236,"stderr":true,"stdout":"COMET INFO:     hyp|warmup_momentum : 0.8\n"},"type":"ws_msg"}
{"payload":{"local_timestamp":1715421881833,"message_id":237,"stderr":true,"stdout":"COMET INFO:     hyp|weight_decay    : 0.0005\n"},"type":"ws_msg"}
{"payload":{"local_timestamp":1715421881833,"message_id":238,"stderr":true,"stdout":"COMET INFO:     image_weights       : False\n"},"type":"ws_msg"}
{"payload":{"local_timestamp":1715421881833,"message_id":239,"stderr":true,"stdout":"COMET INFO:     imgsz               : 320\n"},"type":"ws_msg"}
{"payload":{"local_timestamp":1715421881833,"message_id":240,"stderr":true,"stdout":"COMET INFO:     iou_t               : 0.2\n"},"type":"ws_msg"}
{"payload":{"local_timestamp":1715421881833,"message_id":241,"stderr":true,"stdout":"COMET INFO:     label_smoothing     : 0.0\n"},"type":"ws_msg"}
{"payload":{"local_timestamp":1715421881833,"message_id":242,"stderr":true,"stdout":"COMET INFO:     local_rank          : -1\n"},"type":"ws_msg"}
{"payload":{"local_timestamp":1715421881833,"message_id":243,"stderr":true,"stdout":"COMET INFO:     lr0                 : 0.01\n"},"type":"ws_msg"}
{"payload":{"local_timestamp":1715421881833,"message_id":244,"stderr":true,"stdout":"COMET INFO:     lrf                 : 0.01\n"},"type":"ws_msg"}
{"payload":{"local_timestamp":1715421881834,"message_id":245,"stderr":true,"stdout":"COMET INFO:     mixup               : 0.0\n"},"type":"ws_msg"}
{"payload":{"local_timestamp":1715421881834,"message_id":246,"stderr":true,"stdout":"COMET INFO:     momentum            : 0.937\n"},"type":"ws_msg"}
{"payload":{"local_timestamp":1715421881834,"message_id":247,"stderr":true,"stdout":"COMET INFO:     mosaic              : 1.0\n"},"type":"ws_msg"}
{"payload":{"local_timestamp":1715421881834,"message_id":248,"stderr":true,"stdout":"COMET INFO:     multi_scale         : False\n"},"type":"ws_msg"}
{"payload":{"local_timestamp":1715421881834,"message_id":249,"stderr":true,"stdout":"COMET INFO:     name                : exp\n"},"type":"ws_msg"}
{"payload":{"local_timestamp":1715421881834,"message_id":250,"stderr":true,"stdout":"COMET INFO:     ndjson_console      : False\n"},"type":"ws_msg"}
{"payload":{"local_timestamp":1715421881834,"message_id":251,"stderr":true,"stdout":"COMET INFO:     ndjson_file         : False\n"},"type":"ws_msg"}
{"payload":{"local_timestamp":1715421881835,"message_id":252,"stderr":true,"stdout":"COMET INFO:     noautoanchor        : False\n"},"type":"ws_msg"}
{"payload":{"local_timestamp":1715421881835,"message_id":253,"stderr":true,"stdout":"COMET INFO:     noplots             : False\n"},"type":"ws_msg"}
{"payload":{"local_timestamp":1715421881835,"message_id":254,"stderr":true,"stdout":"COMET INFO:     nosave              : False\n"},"type":"ws_msg"}
{"payload":{"local_timestamp":1715421881835,"message_id":255,"stderr":true,"stdout":"COMET INFO:     noval               : False\n"},"type":"ws_msg"}
{"payload":{"local_timestamp":1715421881835,"message_id":256,"stderr":true,"stdout":"COMET INFO:     obj                 : 1.0\n"},"type":"ws_msg"}
{"payload":{"local_timestamp":1715421881835,"message_id":257,"stderr":true,"stdout":"COMET INFO:     obj_pw              : 1.0\n"},"type":"ws_msg"}
{"payload":{"local_timestamp":1715421881835,"message_id":258,"stderr":true,"stdout":"COMET INFO:     optimizer           : SGD\n"},"type":"ws_msg"}
{"payload":{"local_timestamp":1715421881835,"message_id":259,"stderr":true,"stdout":"COMET INFO:     patience            : 100\n"},"type":"ws_msg"}
{"payload":{"local_timestamp":1715421881836,"message_id":260,"stderr":true,"stdout":"COMET INFO:     perspective         : 0.0\n"},"type":"ws_msg"}
{"payload":{"local_timestamp":1715421881836,"message_id":261,"stderr":true,"stdout":"COMET INFO:     project             : runs\\train\n"},"type":"ws_msg"}
{"payload":{"local_timestamp":1715421881836,"message_id":262,"stderr":true,"stdout":"COMET INFO:     quad                : False\n"},"type":"ws_msg"}
{"payload":{"local_timestamp":1715421881836,"message_id":263,"stderr":true,"stdout":"COMET INFO:     rect                : False\n"},"type":"ws_msg"}
{"payload":{"local_timestamp":1715421881836,"message_id":264,"stderr":true,"stdout":"COMET INFO:     resume              : False\n"},"type":"ws_msg"}
{"payload":{"local_timestamp":1715421881837,"message_id":265,"stderr":true,"stdout":"COMET INFO:     resume_evolve       : None\n"},"type":"ws_msg"}
{"payload":{"local_timestamp":1715421881837,"message_id":266,"stderr":true,"stdout":"COMET INFO:     save_dir            : runs\\train\\exp33\n"},"type":"ws_msg"}
{"payload":{"local_timestamp":1715421881837,"message_id":267,"stderr":true,"stdout":"COMET INFO:     save_period         : -1\n"},"type":"ws_msg"}
{"payload":{"local_timestamp":1715421881837,"message_id":268,"stderr":true,"stdout":"COMET INFO:     scale               : 0.5\n"},"type":"ws_msg"}
{"payload":{"local_timestamp":1715421881837,"message_id":269,"stderr":true,"stdout":"COMET INFO:     seed                : 0\n"},"type":"ws_msg"}
{"payload":{"local_timestamp":1715421881837,"message_id":270,"stderr":true,"stdout":"COMET INFO:     shear               : 0.0\n"},"type":"ws_msg"}
{"payload":{"local_timestamp":1715421881838,"message_id":271,"stderr":true,"stdout":"COMET INFO:     single_cls          : False\n"},"type":"ws_msg"}
{"payload":{"local_timestamp":1715421881838,"message_id":272,"stderr":true,"stdout":"COMET INFO:     sync_bn             : False\n"},"type":"ws_msg"}
{"payload":{"local_timestamp":1715421881838,"message_id":273,"stderr":true,"stdout":"COMET INFO:     translate           : 0.1\n"},"type":"ws_msg"}
{"payload":{"local_timestamp":1715421881839,"message_id":274,"stderr":true,"stdout":"COMET INFO:     upload_dataset      : False\n"},"type":"ws_msg"}
{"payload":{"local_timestamp":1715421881839,"message_id":275,"stderr":true,"stdout":"COMET INFO:     val_conf_threshold  : 0.001\n"},"type":"ws_msg"}
{"payload":{"local_timestamp":1715421881839,"message_id":276,"stderr":true,"stdout":"COMET INFO:     val_iou_threshold   : 0.6\n"},"type":"ws_msg"}
{"payload":{"local_timestamp":1715421881839,"message_id":277,"stderr":true,"stdout":"COMET INFO:     warmup_bias_lr      : 0.1\n"},"type":"ws_msg"}
{"payload":{"local_timestamp":1715421881839,"message_id":278,"stderr":true,"stdout":"COMET INFO:     warmup_epochs       : 3.0\n"},"type":"ws_msg"}
{"payload":{"local_timestamp":1715421881839,"message_id":279,"stderr":true,"stdout":"COMET INFO:     warmup_momentum     : 0.8\n"},"type":"ws_msg"}
{"payload":{"local_timestamp":1715421881839,"message_id":280,"stderr":true,"stdout":"COMET INFO:     weight_decay        : 0.0005\n"},"type":"ws_msg"}
{"payload":{"local_timestamp":1715421881840,"message_id":281,"stderr":true,"stdout":"COMET INFO:   Uploads:\n"},"type":"ws_msg"}
{"payload":{"local_timestamp":1715421881840,"message_id":282,"stderr":true,"stdout":"COMET INFO:     asset                        : 3 (1.70 KB)\n"},"type":"ws_msg"}
{"payload":{"local_timestamp":1715421881840,"message_id":283,"stderr":true,"stdout":"COMET INFO:     conda-environment-definition : 1\n"},"type":"ws_msg"}
{"payload":{"local_timestamp":1715421881841,"message_id":284,"stderr":true,"stdout":"COMET INFO:     conda-info                   : 1\n"},"type":"ws_msg"}
{"payload":{"local_timestamp":1715421881841,"message_id":285,"stderr":true,"stdout":"COMET INFO:     conda-specification          : 1\n"},"type":"ws_msg"}
{"payload":{"local_timestamp":1715421881841,"message_id":286,"stderr":true,"stdout":"COMET INFO:     environment details          : 1\n"},"type":"ws_msg"}
{"payload":{"local_timestamp":1715421881841,"message_id":287,"stderr":true,"stdout":"COMET INFO:     git metadata                 : 1\n"},"type":"ws_msg"}
{"payload":{"local_timestamp":1715421881841,"message_id":288,"stderr":true,"stdout":"COMET INFO:     installed packages           : 1\n"},"type":"ws_msg"}
{"payload":{"local_timestamp":1715421881841,"message_id":289,"stderr":true,"stdout":"COMET INFO: \n"},"type":"ws_msg"}
