{"offline_id": "71c44800c40249c789c82b641a516092", "project_name": "yolov5", "start_time": 1715228571184, "stop_time": 1715228576639, "tags": [], "workspace": null, "resume_strategy": "create", "customer_error_reported": true, "customer_error_message": "Unexpected error detected in the user script: AssertionError('\\x1b[34m\\x1b[1mtrain: \\x1b[0mNo labels found in /Users/ariebrainware/go/src/github.com/nicknochnack/YOLO-Drowsiness-Detection/yolov5/data/labels.cache, can not start training. See https://docs.ultralytics.com/yolov5/tutorials/train_custom_data')", "user_provided_experiment_key": false, "comet_start_sourced": false}