{"payload":{"installed_packages":["appnope==0.1.4","asttokens==2.4.1","attrs==23.2.0","certifi==2024.2.2","cffi==1.16.0","charset-normalizer==3.3.2","comet-ml==3.41.0","comm==0.2.2","configobj==5.0.8","contourpy==1.2.1","cycler==0.12.1","debugpy==1.6.7","decorator==5.1.1","dulwich==0.22.1","everett==3.1.0","exceptiongroup==1.2.0","executing==2.0.1","filelock==3.13.1","fonttools==4.51.0","fsspec==2024.3.1","gitdb==4.0.11","gitpython==3.1.43","gmpy2==2.1.2","idna==3.7","importlib_metadata==7.1.0","ipykernel==6.29.3","ipython==8.22.2","jedi==0.19.1","jinja2==3.1.3","jsonschema==4.22.0","jsonschema-specifications==2023.12.1","jupyter_client==8.6.1","jupyter_core==5.5.0","kiwisolver==1.4.5","lxml==5.2.1","markdown-it-py==3.0.0","markupsafe==2.1.3","matplotlib==3.8.4","matplotlib-inline==0.1.7","mdurl==0.1.2","mpmath==1.3.0","nest_asyncio==1.6.0","networkx==3.1","numpy==1.26.4","opencv-python==4.9.0.80","packaging==24.0","pandas==2.2.2","parso==0.8.4","pexpect==4.9.0","pickleshare==0.7.5","pillow==10.3.0","pip==23.3.1","pip==24.0","platformdirs==4.2.1","prompt-toolkit==3.0.42","psutil==5.9.0","ptyprocess==0.7.0","pure-eval==0.2.2","py-cpuinfo==9.0.0","pycparser==2.21","pygments==2.18.0","pyparsing==3.1.2","pyqt5==5.15.10","pyqt5-qt5==5.15.13","pyqt5-sip==12.13.0","python-box==6.1.0","python-dateutil==2.9.0","pytz==2024.1","pyyaml==6.0.1","pyzmq==25.1.2","referencing==0.35.1","requests==2.31.0","requests-toolbelt==1.0.0","rich==13.7.1","rpds-py==0.18.1","scipy==1.13.0","seaborn==0.13.2","semantic-version==2.10.0","sentry-sdk==2.1.1","setuptools==68.2.2","setuptools==69.5.1","simplejson==3.19.2","six==1.16.0","smmap==5.0.1","stack-data==0.6.2","sympy==1.12","thop==0.1.1-2209072238","torch==2.3.0","torchvision==0.18.0","tornado==6.3.3","tqdm==4.66.4","traitlets==5.14.3","typing_extensions==4.9.0","tzdata==2024.1","ultralytics==8.2.9","urllib3==2.2.1","wcwidth==0.2.13","websocket-client==1.3.3","wheel==0.43.0","wrapt==1.16.0","wurlitzer==3.1.0","zipp==3.17.0"],"local_timestamp":1715227860172,"message_id":1},"type":"ws_msg"}
{"payload":{"env_details":{"command":["train.py","--img","320","--batch","16","--epochs","500","--data","dataset.yml","--weights","yolov5s.pt","--workers","2"],"env":null,"hostname":"CHRONOS.local","ip":"192.168.1.12","machine":"arm64","os":"macOS-14.4.1-arm64-arm-64bit","os_release":"23.4.0","os_type":"Darwin","pid":11909,"processor":"arm","python_exe":"/opt/anaconda3/envs/YOLOv5/bin/python","python_version":"3.11.9","python_version_verbose":"3.11.9 (main, Apr 19 2024, 11:43:47) [Clang 14.0.6 ]","user":"ariebrainware"},"local_timestamp":1715227860445,"message_id":2},"type":"ws_msg"}
{"payload":{"local_timestamp":1715227860447,"message_id":3,"metric":{"epoch":null,"metricName":"sys.cpu.percent.avg","metricValue":29.25,"step":null}},"type":"metric_msg"}
{"payload":{"local_timestamp":1715227860447,"message_id":4,"metric":{"epoch":null,"metricName":"sys.ram.total","metricValue":17179869184,"step":null}},"type":"metric_msg"}
{"payload":{"local_timestamp":1715227860447,"message_id":5,"metric":{"epoch":null,"metricName":"sys.ram.used","metricValue":11699109888,"step":null}},"type":"metric_msg"}
{"payload":{"local_timestamp":1715227860447,"message_id":6,"metric":{"epoch":null,"metricName":"sys.ram.available","metricValue":5480759296,"step":null}},"type":"metric_msg"}
{"payload":{"local_timestamp":1715227860447,"message_id":7,"metric":{"epoch":null,"metricName":"sys.ram.percent.used","metricValue":68.1,"step":null}},"type":"metric_msg"}
{"payload":{"local_timestamp":1715227860447,"message_id":8,"metric":{"epoch":null,"metricName":"sys.load.avg","metricValue":2.86083984375,"step":null}},"type":"metric_msg"}
{"payload":{"local_timestamp":1715227860448,"message_id":9,"param":{"paramName":"img","paramValue":320,"source":"cli","step":null}},"type":"parameter_msg"}
{"payload":{"local_timestamp":1715227860448,"message_id":10,"param":{"paramName":"batch","paramValue":16,"source":"cli","step":null}},"type":"parameter_msg"}
{"payload":{"local_timestamp":1715227860448,"message_id":11,"param":{"paramName":"epochs","paramValue":500,"source":"cli","step":null}},"type":"parameter_msg"}
{"payload":{"local_timestamp":1715227860448,"message_id":12,"param":{"paramName":"data","paramValue":"dataset.yml","source":"cli","step":null}},"type":"parameter_msg"}
{"payload":{"local_timestamp":1715227860448,"message_id":13,"param":{"paramName":"weights","paramValue":"yolov5s.pt","source":"cli","step":null}},"type":"parameter_msg"}
{"payload":{"local_timestamp":1715227860448,"message_id":14,"param":{"paramName":"workers","paramValue":2,"source":"cli","step":null}},"type":"parameter_msg"}
{"payload":{"local_timestamp":1715227860448,"log_other":{"key":"offline_experiment","val":true},"message_id":15},"type":"ws_msg"}
{"payload":{"local_timestamp":1715227860449,"log_other":{"key":"Name","val":"exp"},"message_id":16},"type":"ws_msg"}
{"payload":{"additional_params":{"assetId":"334c225f58db4f6e93e54184303e1bf2","context":null,"extension":"yml","fileName":"dataset.yml","overwrite":false,"runId":null,"step":null},"clean":true,"file_path":"tmpnyycdfth","local_timestamp":1715227860452,"message_id":17,"metadata":{"type":"data-config-file"},"upload_type":"asset"},"type":"file_upload"}
{"payload":{"local_timestamp":1715227860459,"message_id":18,"stderr":true,"stdout":"\nDataset not found \u26a0\ufe0f, missing paths ['/Users/ariebrainware/go/src/github.com/nicknochnack/YOLO-Drowsiness-Detection/data/images']\n"},"type":"ws_msg"}
{"payload":{"local_timestamp":1715227860460,"message_id":19,"stderr":true,"stdout":"Traceback (most recent call last):\n"},"type":"ws_msg"}
{"payload":{"local_timestamp":1715227860460,"message_id":20,"stderr":true,"stdout":"  File \"/Users/ariebrainware/go/src/github.com/nicknochnack/YOLO-Drowsiness-Detection/yolov5/train.py\", line 848, in <module>\n"},"type":"ws_msg"}
{"payload":{"local_timestamp":1715227860461,"message_id":21,"stderr":true,"stdout":"    "},"type":"ws_msg"}
{"payload":{"local_timestamp":1715227860461,"message_id":22,"stderr":true,"stdout":"main(opt)"},"type":"ws_msg"}
{"payload":{"local_timestamp":1715227860461,"message_id":23,"stderr":true,"stdout":"\n"},"type":"ws_msg"}
{"payload":{"local_timestamp":1715227860461,"message_id":24,"stderr":true,"stdout":"  File \"/Users/ariebrainware/go/src/github.com/nicknochnack/YOLO-Drowsiness-Detection/yolov5/train.py\", line 623, in main\n"},"type":"ws_msg"}
{"payload":{"local_timestamp":1715227860461,"message_id":25,"stderr":true,"stdout":"    "},"type":"ws_msg"}
{"payload":{"local_timestamp":1715227860461,"message_id":26,"stderr":true,"stdout":"train(opt.hyp, opt, device, callbacks)"},"type":"ws_msg"}
{"payload":{"local_timestamp":1715227860461,"message_id":27,"stderr":true,"stdout":"\n"},"type":"ws_msg"}
{"payload":{"local_timestamp":1715227860461,"message_id":28,"stderr":true,"stdout":"  File \"/Users/ariebrainware/go/src/github.com/nicknochnack/YOLO-Drowsiness-Detection/yolov5/train.py\", line 153, in train\n"},"type":"ws_msg"}
{"payload":{"local_timestamp":1715227860462,"message_id":29,"stderr":true,"stdout":"    "},"type":"ws_msg"}
{"payload":{"local_timestamp":1715227860462,"message_id":30,"stderr":true,"stdout":"loggers = Loggers("},"type":"ws_msg"}
{"payload":{"local_timestamp":1715227860462,"message_id":31,"stderr":true,"stdout":"\n"},"type":"ws_msg"}
{"payload":{"local_timestamp":1715227860462,"message_id":32,"stderr":true,"stdout":" "},"type":"ws_msg"}
{"payload":{"local_timestamp":1715227860462,"message_id":33,"stderr":true,"stdout":" "},"type":"ws_msg"}
{"payload":{"local_timestamp":1715227860462,"message_id":34,"stderr":true,"stdout":" "},"type":"ws_msg"}
{"payload":{"local_timestamp":1715227860462,"message_id":35,"stderr":true,"stdout":" "},"type":"ws_msg"}
{"payload":{"local_timestamp":1715227860462,"message_id":36,"stderr":true,"stdout":" "},"type":"ws_msg"}
{"payload":{"local_timestamp":1715227860462,"message_id":37,"stderr":true,"stdout":" "},"type":"ws_msg"}
{"payload":{"local_timestamp":1715227860462,"message_id":38,"stderr":true,"stdout":" "},"type":"ws_msg"}
{"payload":{"local_timestamp":1715227860462,"message_id":39,"stderr":true,"stdout":" "},"type":"ws_msg"}
{"payload":{"local_timestamp":1715227860462,"message_id":40,"stderr":true,"stdout":" "},"type":"ws_msg"}
{"payload":{"local_timestamp":1715227860462,"message_id":41,"stderr":true,"stdout":" "},"type":"ws_msg"}
{"payload":{"local_timestamp":1715227860462,"message_id":42,"stderr":true,"stdout":" "},"type":"ws_msg"}
{"payload":{"local_timestamp":1715227860462,"message_id":43,"stderr":true,"stdout":" "},"type":"ws_msg"}
{"payload":{"local_timestamp":1715227860462,"message_id":44,"stderr":true,"stdout":" "},"type":"ws_msg"}
{"payload":{"local_timestamp":1715227860462,"message_id":45,"stderr":true,"stdout":" "},"type":"ws_msg"}
{"payload":{"local_timestamp":1715227860462,"message_id":46,"stderr":true,"stdout":"^"},"type":"ws_msg"}
{"payload":{"local_timestamp":1715227860462,"message_id":47,"stderr":true,"stdout":"^"},"type":"ws_msg"}
{"payload":{"local_timestamp":1715227860462,"message_id":48,"stderr":true,"stdout":"^"},"type":"ws_msg"}
{"payload":{"local_timestamp":1715227860462,"message_id":49,"stderr":true,"stdout":"^"},"type":"ws_msg"}
{"payload":{"local_timestamp":1715227860462,"message_id":50,"stderr":true,"stdout":"^"},"type":"ws_msg"}
{"payload":{"local_timestamp":1715227860462,"message_id":51,"stderr":true,"stdout":"^"},"type":"ws_msg"}
{"payload":{"local_timestamp":1715227860462,"message_id":52,"stderr":true,"stdout":"^"},"type":"ws_msg"}
{"payload":{"local_timestamp":1715227860462,"message_id":53,"stderr":true,"stdout":"^"},"type":"ws_msg"}
{"payload":{"local_timestamp":1715227860462,"message_id":54,"stderr":true,"stdout":"\n"},"type":"ws_msg"}
{"payload":{"local_timestamp":1715227860462,"message_id":55,"stderr":true,"stdout":"  File \"/Users/ariebrainware/go/src/github.com/nicknochnack/YOLO-Drowsiness-Detection/yolov5/utils/loggers/__init__.py\", line 148, in __init__\n"},"type":"ws_msg"}
{"payload":{"local_timestamp":1715227860463,"message_id":56,"stderr":true,"stdout":"    "},"type":"ws_msg"}
{"payload":{"local_timestamp":1715227860463,"message_id":57,"stderr":true,"stdout":"self.comet_logger = CometLogger(self.opt, self.hyp)"},"type":"ws_msg"}
{"payload":{"local_timestamp":1715227860463,"message_id":58,"stderr":true,"stdout":"\n"},"type":"ws_msg"}
{"payload":{"local_timestamp":1715227860463,"message_id":59,"stderr":true,"stdout":" "},"type":"ws_msg"}
{"payload":{"local_timestamp":1715227860463,"message_id":60,"stderr":true,"stdout":" "},"type":"ws_msg"}
{"payload":{"local_timestamp":1715227860463,"message_id":61,"stderr":true,"stdout":" "},"type":"ws_msg"}
{"payload":{"local_timestamp":1715227860463,"message_id":62,"stderr":true,"stdout":" "},"type":"ws_msg"}
{"payload":{"local_timestamp":1715227860463,"message_id":63,"stderr":true,"stdout":" "},"type":"ws_msg"}
{"payload":{"local_timestamp":1715227860463,"message_id":64,"stderr":true,"stdout":" "},"type":"ws_msg"}
{"payload":{"local_timestamp":1715227860463,"message_id":65,"stderr":true,"stdout":" "},"type":"ws_msg"}
{"payload":{"local_timestamp":1715227860463,"message_id":66,"stderr":true,"stdout":" "},"type":"ws_msg"}
{"payload":{"local_timestamp":1715227860463,"message_id":67,"stderr":true,"stdout":" "},"type":"ws_msg"}
{"payload":{"local_timestamp":1715227860463,"message_id":68,"stderr":true,"stdout":" "},"type":"ws_msg"}
{"payload":{"local_timestamp":1715227860463,"message_id":69,"stderr":true,"stdout":" "},"type":"ws_msg"}
{"payload":{"local_timestamp":1715227860463,"message_id":70,"stderr":true,"stdout":" "},"type":"ws_msg"}
{"payload":{"local_timestamp":1715227860463,"message_id":71,"stderr":true,"stdout":" "},"type":"ws_msg"}
{"payload":{"local_timestamp":1715227860463,"message_id":72,"stderr":true,"stdout":" "},"type":"ws_msg"}
{"payload":{"local_timestamp":1715227860463,"message_id":73,"stderr":true,"stdout":" "},"type":"ws_msg"}
{"payload":{"local_timestamp":1715227860463,"message_id":74,"stderr":true,"stdout":" "},"type":"ws_msg"}
{"payload":{"local_timestamp":1715227860463,"message_id":75,"stderr":true,"stdout":" "},"type":"ws_msg"}
{"payload":{"local_timestamp":1715227860463,"message_id":76,"stderr":true,"stdout":" "},"type":"ws_msg"}
{"payload":{"local_timestamp":1715227860463,"message_id":77,"stderr":true,"stdout":" "},"type":"ws_msg"}
{"payload":{"local_timestamp":1715227860463,"message_id":78,"stderr":true,"stdout":" "},"type":"ws_msg"}
{"payload":{"local_timestamp":1715227860463,"message_id":79,"stderr":true,"stdout":" "},"type":"ws_msg"}
{"payload":{"local_timestamp":1715227860463,"message_id":80,"stderr":true,"stdout":" "},"type":"ws_msg"}
{"payload":{"local_timestamp":1715227860463,"message_id":81,"stderr":true,"stdout":" "},"type":"ws_msg"}
{"payload":{"local_timestamp":1715227860463,"message_id":82,"stderr":true,"stdout":" "},"type":"ws_msg"}
{"payload":{"local_timestamp":1715227860463,"message_id":83,"stderr":true,"stdout":"^"},"type":"ws_msg"}
{"payload":{"local_timestamp":1715227860464,"message_id":84,"stderr":true,"stdout":"^"},"type":"ws_msg"}
{"payload":{"local_timestamp":1715227860464,"message_id":85,"stderr":true,"stdout":"^"},"type":"ws_msg"}
{"payload":{"local_timestamp":1715227860464,"message_id":86,"stderr":true,"stdout":"^"},"type":"ws_msg"}
{"payload":{"local_timestamp":1715227860464,"message_id":87,"stderr":true,"stdout":"^"},"type":"ws_msg"}
{"payload":{"local_timestamp":1715227860464,"message_id":88,"stderr":true,"stdout":"^"},"type":"ws_msg"}
{"payload":{"local_timestamp":1715227860464,"message_id":89,"stderr":true,"stdout":"^"},"type":"ws_msg"}
{"payload":{"local_timestamp":1715227860464,"message_id":90,"stderr":true,"stdout":"^"},"type":"ws_msg"}
{"payload":{"local_timestamp":1715227860464,"message_id":91,"stderr":true,"stdout":"^"},"type":"ws_msg"}
{"payload":{"local_timestamp":1715227860464,"message_id":92,"stderr":true,"stdout":"^"},"type":"ws_msg"}
{"payload":{"local_timestamp":1715227860464,"message_id":93,"stderr":true,"stdout":"^"},"type":"ws_msg"}
{"payload":{"local_timestamp":1715227860464,"message_id":94,"stderr":true,"stdout":"^"},"type":"ws_msg"}
{"payload":{"local_timestamp":1715227860464,"message_id":95,"stderr":true,"stdout":"^"},"type":"ws_msg"}
{"payload":{"local_timestamp":1715227860464,"message_id":96,"stderr":true,"stdout":"^"},"type":"ws_msg"}
{"payload":{"local_timestamp":1715227860464,"message_id":97,"stderr":true,"stdout":"^"},"type":"ws_msg"}
{"payload":{"local_timestamp":1715227860464,"message_id":98,"stderr":true,"stdout":"^"},"type":"ws_msg"}
{"payload":{"local_timestamp":1715227860464,"message_id":99,"stderr":true,"stdout":"^"},"type":"ws_msg"}
{"payload":{"local_timestamp":1715227860464,"message_id":100,"stderr":true,"stdout":"^"},"type":"ws_msg"}
{"payload":{"local_timestamp":1715227860464,"message_id":101,"stderr":true,"stdout":"^"},"type":"ws_msg"}
{"payload":{"local_timestamp":1715227860464,"message_id":102,"stderr":true,"stdout":"^"},"type":"ws_msg"}
{"payload":{"local_timestamp":1715227860464,"message_id":103,"stderr":true,"stdout":"^"},"type":"ws_msg"}
{"payload":{"local_timestamp":1715227860464,"message_id":104,"stderr":true,"stdout":"^"},"type":"ws_msg"}
{"payload":{"local_timestamp":1715227860464,"message_id":105,"stderr":true,"stdout":"^"},"type":"ws_msg"}
{"payload":{"local_timestamp":1715227860464,"message_id":106,"stderr":true,"stdout":"^"},"type":"ws_msg"}
{"payload":{"local_timestamp":1715227860464,"message_id":107,"stderr":true,"stdout":"^"},"type":"ws_msg"}
{"payload":{"local_timestamp":1715227860464,"message_id":108,"stderr":true,"stdout":"^"},"type":"ws_msg"}
{"payload":{"local_timestamp":1715227860464,"message_id":109,"stderr":true,"stdout":"^"},"type":"ws_msg"}
{"payload":{"local_timestamp":1715227860464,"message_id":110,"stderr":true,"stdout":"^"},"type":"ws_msg"}
{"payload":{"local_timestamp":1715227860464,"message_id":111,"stderr":true,"stdout":"^"},"type":"ws_msg"}
{"payload":{"local_timestamp":1715227860464,"message_id":112,"stderr":true,"stdout":"^"},"type":"ws_msg"}
{"payload":{"local_timestamp":1715227860464,"message_id":113,"stderr":true,"stdout":"^"},"type":"ws_msg"}
{"payload":{"local_timestamp":1715227860464,"message_id":114,"stderr":true,"stdout":"\n"},"type":"ws_msg"}
{"payload":{"local_timestamp":1715227860464,"message_id":115,"stderr":true,"stdout":"  File \"/Users/ariebrainware/go/src/github.com/nicknochnack/YOLO-Drowsiness-Detection/yolov5/utils/loggers/comet/__init__.py\", line 97, in __init__\n"},"type":"ws_msg"}
{"payload":{"local_timestamp":1715227860465,"message_id":116,"stderr":true,"stdout":"    "},"type":"ws_msg"}
{"payload":{"local_timestamp":1715227860465,"message_id":117,"stderr":true,"stdout":"self.data_dict = self.check_dataset(self.opt.data)"},"type":"ws_msg"}
{"payload":{"local_timestamp":1715227860465,"message_id":118,"stderr":true,"stdout":"\n"},"type":"ws_msg"}
{"payload":{"local_timestamp":1715227860467,"message_id":119,"stderr":true,"stdout":" "},"type":"ws_msg"}
{"payload":{"local_timestamp":1715227860467,"message_id":120,"stderr":true,"stdout":" "},"type":"ws_msg"}
{"payload":{"local_timestamp":1715227860467,"message_id":121,"stderr":true,"stdout":" "},"type":"ws_msg"}
{"payload":{"local_timestamp":1715227860467,"message_id":122,"stderr":true,"stdout":" "},"type":"ws_msg"}
{"payload":{"local_timestamp":1715227860468,"message_id":123,"stderr":true,"stdout":" "},"type":"ws_msg"}
{"payload":{"local_timestamp":1715227860468,"message_id":124,"stderr":true,"stdout":" "},"type":"ws_msg"}
{"payload":{"local_timestamp":1715227860468,"message_id":125,"stderr":true,"stdout":" "},"type":"ws_msg"}
{"payload":{"local_timestamp":1715227860468,"message_id":126,"stderr":true,"stdout":" "},"type":"ws_msg"}
{"payload":{"local_timestamp":1715227860468,"message_id":127,"stderr":true,"stdout":" "},"type":"ws_msg"}
{"payload":{"local_timestamp":1715227860468,"message_id":128,"stderr":true,"stdout":" "},"type":"ws_msg"}
{"payload":{"local_timestamp":1715227860468,"message_id":129,"stderr":true,"stdout":" "},"type":"ws_msg"}
{"payload":{"local_timestamp":1715227860468,"message_id":130,"stderr":true,"stdout":" "},"type":"ws_msg"}
{"payload":{"local_timestamp":1715227860468,"message_id":131,"stderr":true,"stdout":" "},"type":"ws_msg"}
{"payload":{"local_timestamp":1715227860468,"message_id":132,"stderr":true,"stdout":" "},"type":"ws_msg"}
{"payload":{"local_timestamp":1715227860468,"message_id":133,"stderr":true,"stdout":" "},"type":"ws_msg"}
{"payload":{"local_timestamp":1715227860468,"message_id":134,"stderr":true,"stdout":" "},"type":"ws_msg"}
{"payload":{"local_timestamp":1715227860468,"message_id":135,"stderr":true,"stdout":" "},"type":"ws_msg"}
{"payload":{"local_timestamp":1715227860468,"message_id":136,"stderr":true,"stdout":" "},"type":"ws_msg"}
{"payload":{"local_timestamp":1715227860468,"message_id":137,"stderr":true,"stdout":" "},"type":"ws_msg"}
{"payload":{"local_timestamp":1715227860468,"message_id":138,"stderr":true,"stdout":" "},"type":"ws_msg"}
{"payload":{"local_timestamp":1715227860468,"message_id":139,"stderr":true,"stdout":" "},"type":"ws_msg"}
{"payload":{"local_timestamp":1715227860468,"message_id":140,"stderr":true,"stdout":"^"},"type":"ws_msg"}
{"payload":{"local_timestamp":1715227860468,"message_id":141,"stderr":true,"stdout":"^"},"type":"ws_msg"}
{"payload":{"local_timestamp":1715227860468,"message_id":142,"stderr":true,"stdout":"^"},"type":"ws_msg"}
{"payload":{"local_timestamp":1715227860468,"message_id":143,"stderr":true,"stdout":"^"},"type":"ws_msg"}
{"payload":{"local_timestamp":1715227860468,"message_id":144,"stderr":true,"stdout":"^"},"type":"ws_msg"}
{"payload":{"local_timestamp":1715227860468,"message_id":145,"stderr":true,"stdout":"^"},"type":"ws_msg"}
{"payload":{"local_timestamp":1715227860468,"message_id":146,"stderr":true,"stdout":"^"},"type":"ws_msg"}
{"payload":{"local_timestamp":1715227860468,"message_id":147,"stderr":true,"stdout":"^"},"type":"ws_msg"}
{"payload":{"local_timestamp":1715227860468,"message_id":148,"stderr":true,"stdout":"^"},"type":"ws_msg"}
{"payload":{"local_timestamp":1715227860468,"message_id":149,"stderr":true,"stdout":"^"},"type":"ws_msg"}
{"payload":{"local_timestamp":1715227860468,"message_id":150,"stderr":true,"stdout":"^"},"type":"ws_msg"}
{"payload":{"local_timestamp":1715227860468,"message_id":151,"stderr":true,"stdout":"^"},"type":"ws_msg"}
{"payload":{"local_timestamp":1715227860468,"message_id":152,"stderr":true,"stdout":"^"},"type":"ws_msg"}
{"payload":{"local_timestamp":1715227860468,"message_id":153,"stderr":true,"stdout":"^"},"type":"ws_msg"}
{"payload":{"local_timestamp":1715227860468,"message_id":154,"stderr":true,"stdout":"^"},"type":"ws_msg"}
{"payload":{"local_timestamp":1715227860468,"message_id":155,"stderr":true,"stdout":"^"},"type":"ws_msg"}
{"payload":{"local_timestamp":1715227860468,"message_id":156,"stderr":true,"stdout":"^"},"type":"ws_msg"}
{"payload":{"local_timestamp":1715227860468,"message_id":157,"stderr":true,"stdout":"^"},"type":"ws_msg"}
{"payload":{"local_timestamp":1715227860468,"message_id":158,"stderr":true,"stdout":"^"},"type":"ws_msg"}
{"payload":{"local_timestamp":1715227860468,"message_id":159,"stderr":true,"stdout":"^"},"type":"ws_msg"}
{"payload":{"local_timestamp":1715227860468,"message_id":160,"stderr":true,"stdout":"^"},"type":"ws_msg"}
{"payload":{"local_timestamp":1715227860468,"message_id":161,"stderr":true,"stdout":"^"},"type":"ws_msg"}
{"payload":{"local_timestamp":1715227860468,"message_id":162,"stderr":true,"stdout":"^"},"type":"ws_msg"}
{"payload":{"local_timestamp":1715227860468,"message_id":163,"stderr":true,"stdout":"^"},"type":"ws_msg"}
{"payload":{"local_timestamp":1715227860468,"message_id":164,"stderr":true,"stdout":"^"},"type":"ws_msg"}
{"payload":{"local_timestamp":1715227860468,"message_id":165,"stderr":true,"stdout":"^"},"type":"ws_msg"}
{"payload":{"local_timestamp":1715227860468,"message_id":166,"stderr":true,"stdout":"^"},"type":"ws_msg"}
{"payload":{"local_timestamp":1715227860468,"message_id":167,"stderr":true,"stdout":"^"},"type":"ws_msg"}
{"payload":{"local_timestamp":1715227860468,"message_id":168,"stderr":true,"stdout":"^"},"type":"ws_msg"}
{"payload":{"local_timestamp":1715227860468,"message_id":169,"stderr":true,"stdout":"^"},"type":"ws_msg"}
{"payload":{"local_timestamp":1715227860468,"message_id":170,"stderr":true,"stdout":"^"},"type":"ws_msg"}
{"payload":{"local_timestamp":1715227860468,"message_id":171,"stderr":true,"stdout":"^"},"type":"ws_msg"}
{"payload":{"local_timestamp":1715227860468,"message_id":172,"stderr":true,"stdout":"^"},"type":"ws_msg"}
{"payload":{"local_timestamp":1715227860468,"message_id":173,"stderr":true,"stdout":"\n"},"type":"ws_msg"}
{"payload":{"local_timestamp":1715227860468,"message_id":174,"stderr":true,"stdout":"  File \"/Users/ariebrainware/go/src/github.com/nicknochnack/YOLO-Drowsiness-Detection/yolov5/utils/loggers/comet/__init__.py\", line 255, in check_dataset\n"},"type":"ws_msg"}
{"payload":{"local_timestamp":1715227860469,"message_id":175,"stderr":true,"stdout":"    "},"type":"ws_msg"}
{"payload":{"local_timestamp":1715227860469,"message_id":176,"stderr":true,"stdout":"return check_dataset(data_file)"},"type":"ws_msg"}
{"payload":{"local_timestamp":1715227860469,"message_id":177,"stderr":true,"stdout":"\n"},"type":"ws_msg"}
{"payload":{"local_timestamp":1715227860469,"message_id":178,"stderr":true,"stdout":" "},"type":"ws_msg"}
{"payload":{"local_timestamp":1715227860469,"message_id":179,"stderr":true,"stdout":" "},"type":"ws_msg"}
{"payload":{"local_timestamp":1715227860469,"message_id":180,"stderr":true,"stdout":" "},"type":"ws_msg"}
{"payload":{"local_timestamp":1715227860469,"message_id":181,"stderr":true,"stdout":" "},"type":"ws_msg"}
{"payload":{"local_timestamp":1715227860469,"message_id":182,"stderr":true,"stdout":" "},"type":"ws_msg"}
{"payload":{"local_timestamp":1715227860469,"message_id":183,"stderr":true,"stdout":" "},"type":"ws_msg"}
{"payload":{"local_timestamp":1715227860469,"message_id":184,"stderr":true,"stdout":" "},"type":"ws_msg"}
{"payload":{"local_timestamp":1715227860469,"message_id":185,"stderr":true,"stdout":" "},"type":"ws_msg"}
{"payload":{"local_timestamp":1715227860469,"message_id":186,"stderr":true,"stdout":" "},"type":"ws_msg"}
{"payload":{"local_timestamp":1715227860469,"message_id":187,"stderr":true,"stdout":" "},"type":"ws_msg"}
{"payload":{"local_timestamp":1715227860469,"message_id":188,"stderr":true,"stdout":" "},"type":"ws_msg"}
{"payload":{"local_timestamp":1715227860469,"message_id":189,"stderr":true,"stdout":"^"},"type":"ws_msg"}
{"payload":{"local_timestamp":1715227860469,"message_id":190,"stderr":true,"stdout":"^"},"type":"ws_msg"}
{"payload":{"local_timestamp":1715227860469,"message_id":191,"stderr":true,"stdout":"^"},"type":"ws_msg"}
{"payload":{"local_timestamp":1715227860469,"message_id":192,"stderr":true,"stdout":"^"},"type":"ws_msg"}
{"payload":{"local_timestamp":1715227860469,"message_id":193,"stderr":true,"stdout":"^"},"type":"ws_msg"}
{"payload":{"local_timestamp":1715227860469,"message_id":194,"stderr":true,"stdout":"^"},"type":"ws_msg"}
{"payload":{"local_timestamp":1715227860469,"message_id":195,"stderr":true,"stdout":"^"},"type":"ws_msg"}
{"payload":{"local_timestamp":1715227860469,"message_id":196,"stderr":true,"stdout":"^"},"type":"ws_msg"}
{"payload":{"local_timestamp":1715227860469,"message_id":197,"stderr":true,"stdout":"^"},"type":"ws_msg"}
{"payload":{"local_timestamp":1715227860469,"message_id":198,"stderr":true,"stdout":"^"},"type":"ws_msg"}
{"payload":{"local_timestamp":1715227860469,"message_id":199,"stderr":true,"stdout":"^"},"type":"ws_msg"}
{"payload":{"local_timestamp":1715227860469,"message_id":200,"stderr":true,"stdout":"^"},"type":"ws_msg"}
{"payload":{"local_timestamp":1715227860469,"message_id":201,"stderr":true,"stdout":"^"},"type":"ws_msg"}
{"payload":{"local_timestamp":1715227860469,"message_id":202,"stderr":true,"stdout":"^"},"type":"ws_msg"}
{"payload":{"local_timestamp":1715227860469,"message_id":203,"stderr":true,"stdout":"^"},"type":"ws_msg"}
{"payload":{"local_timestamp":1715227860469,"message_id":204,"stderr":true,"stdout":"^"},"type":"ws_msg"}
{"payload":{"local_timestamp":1715227860469,"message_id":205,"stderr":true,"stdout":"^"},"type":"ws_msg"}
{"payload":{"local_timestamp":1715227860469,"message_id":206,"stderr":true,"stdout":"^"},"type":"ws_msg"}
{"payload":{"local_timestamp":1715227860469,"message_id":207,"stderr":true,"stdout":"^"},"type":"ws_msg"}
{"payload":{"local_timestamp":1715227860469,"message_id":208,"stderr":true,"stdout":"^"},"type":"ws_msg"}
{"payload":{"local_timestamp":1715227860469,"message_id":209,"stderr":true,"stdout":"^"},"type":"ws_msg"}
{"payload":{"local_timestamp":1715227860469,"message_id":210,"stderr":true,"stdout":"^"},"type":"ws_msg"}
{"payload":{"local_timestamp":1715227860469,"message_id":211,"stderr":true,"stdout":"^"},"type":"ws_msg"}
{"payload":{"local_timestamp":1715227860469,"message_id":212,"stderr":true,"stdout":"^"},"type":"ws_msg"}
{"payload":{"local_timestamp":1715227860469,"message_id":213,"stderr":true,"stdout":"\n"},"type":"ws_msg"}
{"payload":{"local_timestamp":1715227860469,"message_id":214,"stderr":true,"stdout":"  File \"/Users/ariebrainware/go/src/github.com/nicknochnack/YOLO-Drowsiness-Detection/yolov5/utils/general.py\", line 561, in check_dataset\n"},"type":"ws_msg"}
{"payload":{"local_timestamp":1715227860470,"message_id":215,"stderr":true,"stdout":"    "},"type":"ws_msg"}
{"payload":{"local_timestamp":1715227860470,"message_id":216,"stderr":true,"stdout":"raise Exception(\"Dataset not found \u274c\")"},"type":"ws_msg"}
{"payload":{"local_timestamp":1715227860470,"message_id":217,"stderr":true,"stdout":"\n"},"type":"ws_msg"}
{"payload":{"local_timestamp":1715227860470,"message_id":218,"stderr":true,"stdout":"Exception"},"type":"ws_msg"}
{"payload":{"local_timestamp":1715227860470,"message_id":219,"stderr":true,"stdout":": "},"type":"ws_msg"}
{"payload":{"local_timestamp":1715227860471,"message_id":220,"stderr":true,"stdout":"Dataset not found \u274c"},"type":"ws_msg"}
{"payload":{"local_timestamp":1715227860471,"message_id":221,"stderr":true,"stdout":"\n"},"type":"ws_msg"}
{"payload":{"git_meta":{"branch":"refs/heads/master","origin":"https://github.com/ultralytics/yolov5","parent":"920c721ea77315291f987ea5b911be7fb619d134","repo_name":"yolov5","root":"1e84a23f38fad9e52b59101e9f1246d93066ed1e","status":null,"user":"Arie Brainware"},"local_timestamp":1715227860619,"message_id":222},"type":"ws_msg"}
{"payload":{"local_timestamp":1715227860655,"message_id":223,"metric":{"epoch":null,"metricName":"sys.disk.root.used","metricValue":467164549120,"step":null}},"type":"metric_msg"}
{"payload":{"local_timestamp":1715227860655,"message_id":224,"metric":{"epoch":null,"metricName":"sys.disk.root.percent.used","metricValue":94.5,"step":null}},"type":"metric_msg"}
{"payload":{"additional_params":{"assetId":"7cf0c9318884419c9413fcf7bf928090","context":null,"epoch":null,"extension":"yml","fileName":"conda-environment.yml","overwrite":false,"runId":null,"step":null,"type":"conda-environment-definition"},"clean":true,"file_path":"tmpb_d112p8","local_timestamp":1715227862932,"message_id":225,"metadata":{},"upload_type":"conda-environment-definition"},"type":"file_upload"}
{"payload":{"additional_params":{"assetId":"6272c92243ec4646be897df5cfe47b35","context":null,"epoch":null,"extension":"txt","fileName":"conda-spec.txt","overwrite":false,"runId":null,"step":null,"type":"conda-specification"},"clean":true,"file_path":"tmpzesngufw","local_timestamp":1715227863551,"message_id":226,"metadata":{},"upload_type":"conda-specification"},"type":"file_upload"}
{"payload":{"additional_params":{"assetId":"0f1660c8ca2341c8be0f76343c56a197","context":null,"epoch":null,"extension":"yml","fileName":"conda-info.yml","overwrite":false,"runId":null,"step":null,"type":"conda-info"},"clean":true,"file_path":"tmpuzsy2zhn","local_timestamp":1715227864138,"message_id":227,"metadata":{},"upload_type":"conda-info"},"type":"file_upload"}
{"payload":{"local_timestamp":1715227864136,"message_id":228,"stderr":true,"stdout":"\u001b[1;38;5;39mCOMET INFO:\u001b[0m ---------------------------------------------------------------------------------------\n"},"type":"ws_msg"}
{"payload":{"local_timestamp":1715227864136,"message_id":229,"stderr":true,"stdout":"\u001b[1;38;5;39mCOMET INFO:\u001b[0m Comet.ml OfflineExperiment Summary\n"},"type":"ws_msg"}
{"payload":{"local_timestamp":1715227864136,"message_id":230,"stderr":true,"stdout":"\u001b[1;38;5;39mCOMET INFO:\u001b[0m ---------------------------------------------------------------------------------------\n"},"type":"ws_msg"}
{"payload":{"local_timestamp":1715227864137,"message_id":231,"stderr":true,"stdout":"\u001b[1;38;5;39mCOMET INFO:\u001b[0m   Data:\n"},"type":"ws_msg"}
{"payload":{"local_timestamp":1715227864137,"message_id":232,"stderr":true,"stdout":"\u001b[1;38;5;39mCOMET INFO:\u001b[0m     display_summary_level : 1\n"},"type":"ws_msg"}
{"payload":{"local_timestamp":1715227864137,"message_id":233,"stderr":true,"stdout":"\u001b[1;38;5;39mCOMET INFO:\u001b[0m     name                  : exp\n"},"type":"ws_msg"}
{"payload":{"local_timestamp":1715227864137,"message_id":234,"stderr":true,"stdout":"\u001b[1;38;5;39mCOMET INFO:\u001b[0m     url                   : [OfflineExperiment will get URL after upload]\n"},"type":"ws_msg"}
{"payload":{"local_timestamp":1715227864137,"message_id":235,"stderr":true,"stdout":"\u001b[1;38;5;39mCOMET INFO:\u001b[0m   Others:\n"},"type":"ws_msg"}
{"payload":{"local_timestamp":1715227864137,"message_id":236,"stderr":true,"stdout":"\u001b[1;38;5;39mCOMET INFO:\u001b[0m     Name               : exp\n"},"type":"ws_msg"}
{"payload":{"local_timestamp":1715227864137,"message_id":237,"stderr":true,"stdout":"\u001b[1;38;5;39mCOMET INFO:\u001b[0m     offline_experiment : True\n"},"type":"ws_msg"}
{"payload":{"local_timestamp":1715227864137,"message_id":238,"stderr":true,"stdout":"\u001b[1;38;5;39mCOMET INFO:\u001b[0m   Uploads:\n"},"type":"ws_msg"}
{"payload":{"local_timestamp":1715227864137,"message_id":239,"stderr":true,"stdout":"\u001b[1;38;5;39mCOMET INFO:\u001b[0m     asset                        : 1 (549 bytes)\n"},"type":"ws_msg"}
{"payload":{"local_timestamp":1715227864137,"message_id":240,"stderr":true,"stdout":"\u001b[1;38;5;39mCOMET INFO:\u001b[0m     conda-environment-definition : 1\n"},"type":"ws_msg"}
{"payload":{"local_timestamp":1715227864137,"message_id":241,"stderr":true,"stdout":"\u001b[1;38;5;39mCOMET INFO:\u001b[0m     conda-info                   : 1\n"},"type":"ws_msg"}
{"payload":{"local_timestamp":1715227864137,"message_id":242,"stderr":true,"stdout":"\u001b[1;38;5;39mCOMET INFO:\u001b[0m     conda-specification          : 1\n"},"type":"ws_msg"}
{"payload":{"local_timestamp":1715227864137,"message_id":243,"stderr":true,"stdout":"\u001b[1;38;5;39mCOMET INFO:\u001b[0m     environment details          : 1\n"},"type":"ws_msg"}
{"payload":{"local_timestamp":1715227864137,"message_id":244,"stderr":true,"stdout":"\u001b[1;38;5;39mCOMET INFO:\u001b[0m     git metadata                 : 1\n"},"type":"ws_msg"}
{"payload":{"local_timestamp":1715227864137,"message_id":245,"stderr":true,"stdout":"\u001b[1;38;5;39mCOMET INFO:\u001b[0m     installed packages           : 1\n"},"type":"ws_msg"}
{"payload":{"local_timestamp":1715227864137,"message_id":246,"stderr":true,"stdout":"\u001b[1;38;5;39mCOMET INFO:\u001b[0m \n"},"type":"ws_msg"}
